-- phpMyAdmin SQL Dump
-- version 5.1.1
-- https://www.phpmyadmin.net/
--
-- Máy chủ: 127.0.0.1
-- Thời gian đã tạo: Th10 07, 2021 lúc 05:39 AM
-- Phiên bản máy phục vụ: 10.4.21-MariaDB
-- Phiên bản PHP: 7.4.25

SET SQL_MODE = "NO_AUTO_VALUE_ON_ZERO";
START TRANSACTION;
SET time_zone = "+00:00";


/*!40101 SET @OLD_CHARACTER_SET_CLIENT=@@CHARACTER_SET_CLIENT */;
/*!40101 SET @OLD_CHARACTER_SET_RESULTS=@@CHARACTER_SET_RESULTS */;
/*!40101 SET @OLD_COLLATION_CONNECTION=@@COLLATION_CONNECTION */;
/*!40101 SET NAMES utf8mb4 */;

--
-- Cơ sở dữ liệu: `qlquancaphe`
--

-- --------------------------------------------------------

--
-- Cấu trúc bảng cho bảng `ban`
--

CREATE TABLE `ban` (
  `MaBan` int(11) NOT NULL,
  `TenBan` varchar(50) COLLATE utf8mb4_vietnamese_ci NOT NULL,
  `TinhTrang` varchar(50) COLLATE utf8mb4_vietnamese_ci DEFAULT 'Trống',
  `SizeBan` int(11) NOT NULL,
  `Hinhanh` varchar(50) COLLATE utf8mb4_vietnamese_ci NOT NULL,
  `Vitri` varchar(50) COLLATE utf8mb4_vietnamese_ci NOT NULL,
  `ThoigianDen` datetime DEFAULT NULL,
  `MaKH` varchar(50) COLLATE utf8mb4_vietnamese_ci NOT NULL,
  `Trangthai` varchar(50) COLLATE utf8mb4_vietnamese_ci NOT NULL
) ENGINE=InnoDB DEFAULT CHARSET=utf8mb4 COLLATE=utf8mb4_vietnamese_ci;

--
-- Đang đổ dữ liệu cho bảng `ban`
--

INSERT INTO `ban` (`MaBan`, `TenBan`, `TinhTrang`, `SizeBan`, `Hinhanh`, `Vitri`, `ThoigianDen`, `MaKH`, `Trangthai`) VALUES
(1, 'B.1', 'hoàn thành', 2, 'ban1.jpg', 'BÀN TRONG', '2021-10-17 11:31:30', '', 'Active'),
(2, 'B.2', 'trống', 4, 'ban2.jpg', 'BÀN TRONG', NULL, 'KH001', 'Active'),
(3, 'B.3', 'trống', 4, 'ban3.jpg', 'BÀN TRONG', NULL, '', 'Active'),
(4, 'B.4', 'trống', 6, 'ban4.jpg', 'BÀN TRONG', '2021-10-16 22:32:48', '', 'Active'),
(5, 'B.5', 'trống', 8, 'ban5.jpg', 'BÀN TRONG', '2021-10-16 22:38:46', '', 'Active'),
(6, 'B.6', 'hoàn thành', 4, 'ban6.jpg', 'BÀN TRONG', '2021-10-03 17:45:02', 'KH001', 'Active'),
(7, 'B.7', 'trống', 6, 'ban7', 'SÂN VƯỜN', NULL, '', 'Active'),
(8, 'B.8', 'trống', 6, 'hinh8.jpg', 'SÂN VƯỜN', NULL, 'KH003', 'Active'),
(11, 'B.11', 'trống', 4, 'ban11.jpg', 'MANG VỀ', NULL, '', 'Active'),
(12, 'B.12', 'trống', 4, 'ban12.jpg', 'MANG VỀ', NULL, '', 'Active');

-- --------------------------------------------------------

--
-- Cấu trúc bảng cho bảng `chitiethoadon`
--

CREATE TABLE `chitiethoadon` (
  `chitiethoadon_id` int(11) NOT NULL,
  `MaHD` varchar(50) COLLATE utf8mb4_vietnamese_ci NOT NULL,
  `MaSP` varchar(50) COLLATE utf8mb4_vietnamese_ci NOT NULL,
  `TenSP` varchar(50) COLLATE utf8mb4_vietnamese_ci DEFAULT NULL,
  `Soluong` int(11) NOT NULL,
  `GiaSP` int(11) NOT NULL,
  `MaBan` int(11) NOT NULL,
  `Note` text COLLATE utf8mb4_vietnamese_ci NOT NULL
) ENGINE=InnoDB DEFAULT CHARSET=utf8mb4 COLLATE=utf8mb4_vietnamese_ci;

--
-- Đang đổ dữ liệu cho bảng `chitiethoadon`
--

INSERT INTO `chitiethoadon` (`chitiethoadon_id`, `MaHD`, `MaSP`, `TenSP`, `Soluong`, `GiaSP`, `MaBan`, `Note`) VALUES
(110, 'HD000000028', '001', 'Cà phê đen', 2, 10000, 7, ''),
(111, 'HD000000031', '003', 'Trà sữa chân trâu', 2, 20000, 5, ''),
(112, 'HD000000031', '002', 'Cà phê đen đá ', 2, 100000, 5, ''),
(113, 'HD000000031', '001', 'Cà phê đen', 2, 10000, 5, ''),
(118, 'HD000000028', '003', 'Trà sữa chân trâu', 2, 20000, 7, ''),
(119, 'HD000000028', '002', 'Cà phê đen đá ', 2, 100000, 7, ''),
(120, 'HD000000032', '002', 'Cà phê đen đá ', 2, 100000, 8, ''),
(121, 'HD000000032', '001', 'Cà phê đen', 3, 10000, 8, ''),
(122, 'HD000000034', '003', 'Trà sữa chân trâu', 3, 20000, 8, ''),
(123, 'HD000000034', '002', 'Cà phê đen đá ', 3, 100000, 8, ''),
(124, 'HD000000034', '001', 'Cà phê đen', 3, 10000, 8, ''),
(125, 'HD000000035', '002', 'Cà phê đen đá ', 2, 100000, 8, ''),
(126, 'HD000000035', '001', 'Cà phê đen', 2, 10000, 8, ''),
(155, 'HD000000036', '001', 'Cà phê đen', 2, 10000, 8, ''),
(156, 'HD000000044', '003', 'Trà sữa chân trâu', 3, 20000, 8, ''),
(157, 'HD000000044', '002', 'Cà phê đen đá ', 1, 100000, 8, ''),
(158, 'HD000000044', '004', 'Bạc xỉu', 3, 35000, 8, ''),
(159, 'HD000000045', '003', 'Trà sữa chân trâu', 4, 20000, 8, ''),
(160, 'HD000000045', '002', 'Cà phê đen đá ', 4, 100000, 8, ''),
(162, 'HD000000046', '003', 'Trà sữa chân trâu', 4, 20000, 8, ''),
(163, 'HD000000046', '001', 'Cà phê đen', 2, 10000, 8, 'chịu'),
(164, 'HD000000046', '004', 'Bạc xỉu', 2, 35000, 8, ''),
(165, 'HD000000047', '003', 'Trà sữa chân trâu', 3, 20000, 8, ''),
(166, 'HD000000047', '002', 'Cà phê đen đá ', 2, 100000, 8, 'dgfdgdf'),
(167, 'HD000000047', '001', 'Cà phê đen', 1, 10000, 8, ''),
(168, 'HD000000048', '003', 'Trà sữa chân trâu', 2, 20000, 8, ''),
(169, 'HD000000048', '002', 'Cà phê đen đá ', 1, 100000, 8, ''),
(170, 'HD000000049', '003', 'Trà sữa chân trâu', 1, 20000, 8, ''),
(171, 'HD000000050', '003', 'Trà sữa chân trâu', 1, 20000, 8, ''),
(172, 'HD000000051', '003', 'Trà sữa chân trâu', 1, 20000, 8, ''),
(173, 'HD000000052', '003', 'Trà sữa chân trâu', 2, 20000, 8, ''),
(174, 'HD000000052', '002', 'Cà phê đen đá ', 2, 100000, 8, ''),
(175, 'HD000000053', '003', 'Trà sữa chân trâu', 2, 20000, 11, ''),
(176, 'HD000000053', '002', 'Cà phê đen đá ', 2, 100000, 11, ''),
(177, 'HD000000053', '001', 'Cà phê đen', 1, 10000, 11, ''),
(178, 'HD000000054', '003', 'Trà sữa chân trâu', 2, 20000, 11, ''),
(179, 'HD000000054', '002', 'Cà phê đen đá ', 3, 100000, 11, ''),
(180, 'HD000000055', '003', 'Trà sữa chân trâu', 2, 20000, 11, ''),
(181, 'HD000000055', '002', 'Cà phê đen đá ', 2, 100000, 11, ''),
(182, 'HD000000056', '003', 'Trà sữa chân trâu', 2, 20000, 11, ''),
(183, 'HD000000057', '004', 'Bạc xỉu', 1, 35000, 11, ''),
(184, 'HD000000057', '003', 'Trà sữa chân trâu', 2, 20000, 11, ''),
(185, 'HD000000057', '002', 'Cà phê đen đá ', 3, 100000, 11, ''),
(186, 'HD000000058', '003', 'Trà sữa chân trâu', 1, 20000, 11, ''),
(187, 'HD000000058', '002', 'Cà phê đen đá ', 3, 100000, 11, ''),
(188, 'HD000000059', '003', 'Trà sữa chân trâu', 2, 20000, 11, ''),
(189, 'HD000000060', '003', 'Trà sữa chân trâu', 2, 20000, 11, ''),
(190, 'HD000000060', '002', 'Cà phê đen đá ', 1, 100000, 11, ''),
(191, 'HD000000061', '003', 'Trà sữa chân trâu', 2, 20000, 11, ''),
(192, 'HD000000061', '002', 'Cà phê đen đá ', 3, 100000, 11, ''),
(193, 'HD000000062', '003', 'Trà sữa chân trâu', 2, 20000, 11, ''),
(194, 'HD000000063', '003', 'Trà sữa chân trâu', 2, 20000, 11, ''),
(195, 'HD000000063', '002', 'Cà phê đen đá ', 2, 100000, 11, ''),
(196, 'HD000000063', '001', 'Cà phê đen', 1, 10000, 11, ''),
(197, 'HD000000064', '002', 'Cà phê đen đá ', 3, 100000, 11, ''),
(198, 'HD000000064', '003', 'Trà sữa chân trâu', 2, 20000, 11, ''),
(199, 'HD000000065', '002', 'Cà phê đen đá ', 2, 100000, 11, ''),
(200, 'HD000000065', '003', 'Trà sữa chân trâu', 2, 20000, 11, ''),
(201, 'HD000000066', '003', 'Trà sữa chân trâu', 2, 20000, 11, ''),
(202, 'HD000000066', '002', 'Cà phê đen đá ', 1, 100000, 11, ''),
(203, 'HD000000067', '003', 'Trà sữa chân trâu', 2, 20000, 11, ''),
(204, 'HD000000067', '002', 'Cà phê đen đá ', 2, 100000, 11, ''),
(209, 'HD000000069', '003', 'Trà sữa chân trâu', 2, 20000, 11, ''),
(210, 'HD000000069', '001', 'Cà phê đen', 1, 10000, 11, ''),
(211, 'HD000000069', '002', 'Cà phê đen đá ', 1, 100000, 11, ''),
(212, 'HD000000069', '004', 'Bạc xỉu', 1, 35000, 11, ''),
(213, 'HD000000070', '003', 'Trà sữa chân trâu', 2, 20000, 11, ''),
(214, 'HD000000070', '002', 'Cà phê đen đá ', 2, 100000, 11, ''),
(215, 'HD000000071', '003', 'Trà sữa chân trâu', 2, 20000, 11, ''),
(216, 'HD000000071', '002', 'Cà phê đen đá ', 2, 100000, 11, ''),
(217, 'HD000000071', '001', 'Cà phê đen', 2, 10000, 11, ''),
(218, 'HD000000071', '004', 'Bạc xỉu', 2, 35000, 11, ''),
(219, 'HD000000072', '001', 'Cà phê đen', 2, 10000, 11, ''),
(220, 'HD000000072', '002', 'Cà phê đen đá ', 1, 100000, 11, ''),
(221, 'HD000000072', '003', 'Trà sữa chân trâu', 1, 20000, 11, ''),
(222, 'HD000000072', '004', 'Bạc xỉu', 1, 35000, 11, ''),
(223, 'HD000000073', '003', 'Trà sữa chân trâu', 1, 20000, 11, ''),
(224, 'HD000000073', '004', 'Bạc xỉu', 1, 35000, 11, ''),
(225, 'HD000000073', '002', 'Cà phê đen đá ', 1, 100000, 11, ''),
(226, 'HD000000073', '001', 'Cà phê đen', 1, 10000, 11, ''),
(227, 'HD000000074', '004', 'Bạc xỉu', 1, 35000, 11, ''),
(228, 'HD000000074', '003', 'Trà sữa chân trâu', 1, 20000, 11, ''),
(229, 'HD000000074', '002', 'Cà phê đen đá ', 1, 100000, 11, ''),
(230, 'HD000000074', '001', 'Cà phê đen', 1, 10000, 11, ''),
(231, 'HD000000075', '003', 'Trà sữa chân trâu', 1, 20000, 11, ''),
(232, 'HD000000075', '002', 'Cà phê đen đá ', 2, 100000, 11, ''),
(233, 'HD000000075', '001', 'Cà phê đen', 2, 10000, 11, ''),
(234, 'HD000000075', '004', 'Bạc xỉu', 1, 35000, 11, ''),
(235, 'HD000000076', '004', 'Bạc xỉu', 2, 35000, 11, ''),
(236, 'HD000000076', '003', 'Trà sữa chân trâu', 3, 20000, 11, ''),
(237, 'HD000000076', '002', 'Cà phê đen đá ', 3, 100000, 11, ''),
(238, 'HD000000076', '001', 'Cà phê đen', 2, 10000, 11, ''),
(239, 'HD000000077', '003', 'Trà sữa chân trâu', 3, 20000, 11, ''),
(240, 'HD000000077', '002', 'Cà phê đen đá ', 2, 100000, 11, ''),
(241, 'HD000000077', '001', 'Cà phê đen', 2, 10000, 11, ''),
(242, 'HD000000077', '004', 'Bạc xỉu', 1, 35000, 11, ''),
(243, 'HD000000078', '003', 'Trà sữa chân trâu', 1, 20000, 11, ''),
(244, 'HD000000078', '004', 'Bạc xỉu', 2, 35000, 11, ''),
(245, 'HD000000078', '002', 'Cà phê đen đá ', 2, 100000, 11, ''),
(246, 'HD000000078', '001', 'Cà phê đen', 1, 10000, 11, ''),
(247, 'HD000000079', '003', 'Trà sữa chân trâu', 3, 20000, 11, ''),
(248, 'HD000000079', '002', 'Cà phê đen đá ', 2, 100000, 11, ''),
(249, 'HD000000079', '004', 'Bạc xỉu', 3, 35000, 11, ''),
(250, 'HD000000079', '001', 'Cà phê đen', 1, 10000, 11, ''),
(251, 'HD000000080', '001', 'Cà phê đen', 2, 10000, 11, ''),
(252, 'HD000000080', '002', 'Cà phê đen đá ', 4, 100000, 11, ''),
(253, 'HD000000081', '003', 'Trà sữa chân trâu', 2, 20000, 11, ''),
(254, 'HD000000081', '002', 'Cà phê đen đá ', 2, 100000, 11, ''),
(255, 'HD000000081', '001', 'Cà phê đen', 2, 10000, 11, ''),
(256, 'HD000000081', '004', 'Bạc xỉu', 1, 35000, 11, ''),
(257, 'HD000000082', '003', 'Trà sữa chân trâu', 2, 20000, 11, ''),
(258, 'HD000000082', '002', 'Cà phê đen đá ', 2, 100000, 11, ''),
(259, 'HD000000082', '001', 'Cà phê đen', 2, 10000, 11, ''),
(260, 'HD000000082', '004', 'Bạc xỉu', 1, 35000, 11, ''),
(261, 'HD000000083', '003', 'Trà sữa chân trâu', 1, 20000, 11, ''),
(262, 'HD000000083', '004', 'Bạc xỉu', 1, 35000, 11, ''),
(263, 'HD000000083', '002', 'Cà phê đen đá ', 1, 100000, 11, ''),
(264, 'HD000000083', '001', 'Cà phê đen', 1, 10000, 11, ''),
(265, 'HD000000084', '004', 'Bạc xỉu', 2, 35000, 11, ''),
(266, 'HD000000084', '003', 'Trà sữa chân trâu', 1, 20000, 11, ''),
(267, 'HD000000084', '001', 'Cà phê đen', 3, 10000, 11, ''),
(268, 'HD000000084', '002', 'Cà phê đen đá ', 1, 100000, 11, ''),
(269, 'HD000000085', '001', 'Cà phê đen', 2, 10000, 11, ''),
(270, 'HD000000085', '002', 'Cà phê đen đá ', 1, 100000, 11, ''),
(271, 'HD000000085', '003', 'Trà sữa chân trâu', 4, 20000, 11, ''),
(272, 'HD000000085', '004', 'Bạc xỉu', 2, 35000, 11, ''),
(273, 'HD000000086', '003', 'Trà sữa chân trâu', 2, 20000, 11, ''),
(274, 'HD000000086', '002', 'Cà phê đen đá ', 2, 100000, 11, ''),
(275, 'HD000000086', '004', 'Bạc xỉu', 1, 35000, 11, ''),
(276, 'HD000000086', '001', 'Cà phê đen', 1, 10000, 11, ''),
(277, 'HD000000087', '002', 'Cà phê đen đá ', 2, 100000, 11, ''),
(278, 'HD000000087', '001', 'Cà phê đen', 3, 10000, 11, ''),
(279, 'HD000000087', '003', 'Trà sữa chân trâu', 2, 20000, 11, ''),
(280, 'HD000000087', '004', 'Bạc xỉu', 2, 35000, 11, ''),
(281, 'HD000000088', '004', 'Bạc xỉu', 2, 35000, 11, ''),
(282, 'HD000000088', '002', 'Cà phê đen đá ', 2, 100000, 11, ''),
(283, 'HD000000088', '001', 'Cà phê đen', 1, 10000, 11, ''),
(284, 'HD000000089', '004', 'Bạc xỉu', 2, 35000, 11, ''),
(285, 'HD000000089', '003', 'Trà sữa chân trâu', 2, 20000, 11, ''),
(286, 'HD000000089', '002', 'Cà phê đen đá ', 1, 100000, 11, ''),
(287, 'HD000000089', '001', 'Cà phê đen', 1, 10000, 11, ''),
(288, 'HD000000090', '004', 'Bạc xỉu', 1, 35000, 11, ''),
(289, 'HD000000090', '003', 'Trà sữa chân trâu', 1, 20000, 11, ''),
(290, 'HD000000090', '002', 'Cà phê đen đá ', 1, 100000, 11, ''),
(291, 'HD000000090', '001', 'Cà phê đen', 1, 10000, 11, ''),
(292, 'HD000000091', '004', 'Bạc xỉu', 2, 35000, 11, ''),
(293, 'HD000000091', '003', 'Trà sữa chân trâu', 1, 20000, 11, ''),
(294, 'HD000000091', '002', 'Cà phê đen đá ', 1, 100000, 11, ''),
(295, 'HD000000091', '001', 'Cà phê đen', 1, 10000, 11, ''),
(296, 'HD000000092', '001', 'Cà phê đen', 2, 10000, 11, ''),
(297, 'HD000000092', '002', 'Cà phê đen đá ', 4, 100000, 11, ''),
(298, 'HD000000092', '003', 'Trà sữa chân trâu', 1, 20000, 11, ''),
(299, 'HD000000092', '004', 'Bạc xỉu', 2, 35000, 11, ''),
(300, 'HD000000093', '004', 'Bạc xỉu', 2, 35000, 11, ''),
(301, 'HD000000093', '003', 'Trà sữa chân trâu', 2, 20000, 11, ''),
(302, 'HD000000093', '002', 'Cà phê đen đá ', 2, 100000, 11, ''),
(303, 'HD000000093', '001', 'Cà phê đen', 2, 10000, 11, ''),
(304, 'HD000000094', '004', 'Bạc xỉu', 1, 35000, 11, ''),
(305, 'HD000000094', '003', 'Trà sữa chân trâu', 1, 20000, 11, ''),
(306, 'HD000000094', '002', 'Cà phê đen đá ', 1, 100000, 11, ''),
(307, 'HD000000094', '001', 'Cà phê đen', 1, 10000, 11, ''),
(308, 'HD000000095', '004', 'Bạc xỉu', 1, 35000, 11, ''),
(309, 'HD000000095', '003', 'Trà sữa chân trâu', 2, 20000, 11, ''),
(310, 'HD000000095', '002', 'Cà phê đen đá ', 2, 100000, 11, ''),
(311, 'HD000000096', '004', 'Bạc xỉu', 2, 35000, 11, ''),
(312, 'HD000000096', '003', 'Trà sữa chân trâu', 2, 20000, 11, ''),
(313, 'HD000000096', '001', 'Cà phê đen', 1, 10000, 11, ''),
(314, 'HD000000097', '004', 'Bạc xỉu', 2, 35000, 11, ''),
(315, 'HD000000097', '003', 'Trà sữa chân trâu', 2, 20000, 11, ''),
(316, 'HD000000097', '002', 'Cà phê đen đá ', 1, 100000, 11, ''),
(317, 'HD000000097', '001', 'Cà phê đen', 1, 10000, 11, ''),
(318, 'HD000000098', '004', 'Bạc xỉu', 1, 35000, 11, ''),
(319, 'HD000000098', '003', 'Trà sữa chân trâu', 1, 20000, 11, ''),
(320, 'HD000000098', '002', 'Cà phê đen đá ', 1, 100000, 11, ''),
(321, 'HD000000098', '001', 'Cà phê đen', 1, 10000, 11, ''),
(322, 'HD000000099', '004', 'Bạc xỉu', 1, 35000, 11, ''),
(323, 'HD000000099', '003', 'Trà sữa chân trâu', 1, 20000, 11, ''),
(324, 'HD000000099', '002', 'Cà phê đen đá ', 1, 100000, 11, ''),
(325, 'HD000000099', '001', 'Cà phê đen', 1, 10000, 11, ''),
(326, 'HD0000000100', '004', 'Bạc xỉu', 2, 35000, 11, ''),
(327, 'HD0000000100', '003', 'Trà sữa chân trâu', 1, 20000, 11, ''),
(328, 'HD0000000100', '002', 'Cà phê đen đá ', 1, 100000, 11, ''),
(329, 'HD0000000101', '004', 'Bạc xỉu', 1, 35000, 11, ''),
(330, 'HD0000000101', '003', 'Trà sữa chân trâu', 1, 20000, 11, ''),
(331, 'HD0000000101', '002', 'Cà phê đen đá ', 1, 100000, 11, ''),
(332, 'HD0000000101', '001', 'Cà phê đen', 1, 10000, 11, ''),
(333, 'HD0000000102', '004', 'Bạc xỉu', 1, 35000, 11, ''),
(334, 'HD0000000103', '003', 'Trà sữa chân trâu', 2, 20000, 11, ''),
(335, 'HD0000000103', '002', 'Cà phê đen đá ', 1, 100000, 11, ''),
(336, 'HD0000000103', '001', 'Cà phê đen', 1, 10000, 11, ''),
(337, 'HD0000000103', '004', 'Bạc xỉu', 1, 35000, 11, ''),
(338, 'HD0000000104', '004', 'Bạc xỉu', 2, 35000, 11, ''),
(339, 'HD0000000104', '003', 'Trà sữa chân trâu', 1, 20000, 11, ''),
(340, 'HD0000000104', '002', 'Cà phê đen đá ', 2, 100000, 11, ''),
(341, 'HD0000000105', '004', 'Bạc xỉu', 3, 35000, 11, ''),
(342, 'HD0000000105', '003', 'Trà sữa chân trâu', 4, 20000, 11, ''),
(343, 'HD0000000105', '002', 'Cà phê đen đá ', 4, 100000, 11, ''),
(344, 'HD0000000105', '001', 'Cà phê đen', 3, 10000, 11, ''),
(346, 'HD0000000106', '002', 'Cà phê đen đá ', 3, 100000, 11, ''),
(347, 'HD0000000106', '003', 'Trà sữa chân trâu', 1, 20000, 11, ''),
(348, 'HD0000000106', '004', 'Bạc xỉu', 1, 35000, 11, ''),
(350, 'HD0000000107', '002', 'Cà phê đen đá ', 1, 100000, 6, ''),
(351, 'HD0000000107', '003', 'Trà sữa chân trâu', 3, 20000, 6, ''),
(352, 'HD0000000108', '002', 'Cà phê đen đá ', 2, 100000, 6, ''),
(353, 'HD0000000108', '001', 'Cà phê đen', 1, 10000, 6, ''),
(354, 'HD0000000108', '003', 'Trà sữa chân trâu', 1, 20000, 6, ''),
(355, 'HD0000000108', '004', 'Bạc xỉu', 1, 35000, 6, ''),
(356, 'HD0000000109', '001', 'Cà phê đen', 1, 10000, 11, ''),
(357, 'HD0000000109', '002', 'Cà phê đen đá ', 2, 100000, 11, ''),
(358, 'HD0000000109', '003', 'Trà sữa chân trâu', 1, 20000, 11, ''),
(359, 'HD0000000109', '004', 'Bạc xỉu', 1, 35000, 11, ''),
(360, 'HD0000000110', '004', 'Bạc xỉu', 1, 35000, 8, ''),
(361, 'HD0000000110', '003', 'Trà sữa chân trâu', 2, 20000, 8, ''),
(362, 'HD0000000110', '002', 'Cà phê đen đá ', 1, 100000, 8, ''),
(363, 'HD0000000110', '001', 'Cà phê đen', 1, 10000, 8, ''),
(364, 'HD0000000111', '003', 'Trà sữa chân trâu', 2, 20000, 6, ''),
(365, 'HD0000000111', '002', 'Cà phê đen đá ', 1, 100000, 6, ''),
(366, 'HD0000000111', '004', 'Bạc xỉu', 2, 35000, 6, ''),
(367, 'HD0000000111', '001', 'Cà phê đen', 1, 10000, 6, ''),
(368, 'HD0000000112', '004', 'Bạc xỉu', 1, 35000, 6, ''),
(369, 'HD0000000112', '003', 'Trà sữa chân trâu', 1, 20000, 6, ''),
(370, 'HD0000000112', '002', 'Cà phê đen đá ', 1, 100000, 6, ''),
(371, 'HD0000000112', '001', 'Cà phê đen', 1, 10000, 6, ''),
(372, 'HD0000000113', '003', 'Trà sữa chân trâu', 2, 20000, 6, ''),
(373, 'HD0000000113', '004', 'Bạc xỉu', 1, 35000, 6, ''),
(374, 'HD0000000113', '002', 'Cà phê đen đá ', 1, 100000, 6, ''),
(375, 'HD0000000113', '001', 'Cà phê đen', 1, 10000, 6, ''),
(376, 'HD0000000114', '003', 'Trà sữa chân trâu', 2, 20000, 6, ''),
(377, 'HD0000000114', '002', 'Cà phê đen đá ', 2, 100000, 6, ''),
(378, 'HD0000000114', '001', 'Cà phê đen', 1, 10000, 6, ''),
(379, 'HD0000000115', '004', 'Bạc xỉu', 2, 35000, 6, ''),
(380, 'HD0000000115', '001', 'Cà phê đen', 1, 10000, 6, ''),
(381, 'HD0000000116', '004', 'Bạc xỉu', 2, 35000, 6, ''),
(382, 'HD0000000116', '003', 'Trà sữa chân trâu', 1, 20000, 6, ''),
(383, 'HD0000000116', '002', 'Cà phê đen đá ', 1, 100000, 6, ''),
(384, 'HD0000000116', '001', 'Cà phê đen', 1, 10000, 6, ''),
(385, 'HD0000000117', '003', 'Trà sữa chân trâu', 2, 20000, 6, ''),
(386, 'HD0000000117', '002', 'Cà phê đen đá ', 2, 100000, 6, ''),
(387, 'HD0000000117', '004', 'Bạc xỉu', 1, 35000, 6, ''),
(388, 'HD0000000117', '001', 'Cà phê đen', 2, 10000, 6, ''),
(389, 'HD0000000118', '003', 'Trà sữa chân trâu', 3, 20000, 6, ''),
(390, 'HD0000000118', '001', 'Cà phê đen', 5, 10000, 6, ''),
(391, 'HD0000000118', '002', 'Cà phê đen đá ', 2, 100000, 6, ''),
(392, 'HD0000000118', '004', 'Bạc xỉu', 3, 35000, 6, ''),
(393, 'HD0000000119', '004', 'Bạc xỉu', 2, 35000, 5, ''),
(394, 'HD0000000119', '003', 'Trà sữa chân trâu', 1, 20000, 5, ''),
(395, 'HD0000000119', '002', 'Cà phê đen đá ', 2, 100000, 5, ''),
(396, 'HD0000000119', '001', 'Cà phê đen', 1, 10000, 5, ''),
(397, 'HD0000000120', '002', 'Cà phê đen đá ', 1, 100000, 5, ''),
(398, 'HD0000000120', '001', 'Cà phê đen', 1, 10000, 5, ''),
(399, 'HD0000000120', '003', 'Trà sữa chân trâu', 1, 20000, 5, ''),
(400, 'HD0000000120', '004', 'Bạc xỉu', 1, 35000, 5, ''),
(401, 'HD0000000121', '004', 'Bạc xỉu', 1, 35000, 5, ''),
(402, 'HD0000000122', '002', 'Cà phê đen đá ', 4, 100000, 6, ''),
(403, 'HD0000000122', '001', 'Cà phê đen', 2, 10000, 6, ''),
(404, 'HD0000000122', '006', '424234', 2, 32423423, 6, ''),
(405, 'HD0000000122', '004', 'Bạc xỉu', 2, 35000, 6, ''),
(406, 'HD0000000122', '31a1e69', 'ád', 1, 12312, 6, ''),
(407, 'HD0000000122', '03785cd', 'eds', 2, 432423, 6, ''),
(408, 'HD0000000123', '001', 'Cà phê đen', 2, 10000, 7, ''),
(409, 'HD0000000123', '002', 'Cà phê đen đá ', 2, 100000, 7, ''),
(410, 'HD0000000123', '003', 'Trà sữa chân trâu', 2, 20000, 7, ''),
(411, 'HD0000000123', '31a1e69', 'ád', 1, 12312, 7, ''),
(412, 'HD0000000123', '004', 'Bạc xỉu', 2, 35000, 7, ''),
(413, 'HD000000001', '003', 'Trà sữa chân trâu', 2, 20000, 1, ''),
(414, 'HD0000000124', '002', 'Cà phê đen đá ', 5, 100000, 6, ''),
(415, 'HD0000000124', '001', 'Cà phê đen', 2, 10000, 6, ''),
(416, 'HD0000000124', '006', '424234', 2, 32423423, 6, ''),
(417, 'HD0000000124', '004', 'Bạc xỉu', 2, 35000, 6, ''),
(418, 'HD0000000124', '31a1e69', 'ád', 2, 12312, 6, ''),
(419, 'HD0000000124', '03785cd', 'eds', 2, 432423, 6, ''),
(421, 'HD0000000125', '002', 'Cà phê đen đá ', 4, 100000, 5, ''),
(423, 'HD0000000126', '004', 'Bạc xỉu', 1, 35000, 5, ''),
(424, 'HD0000000126', '002', 'Cà phê đen đá ', 2, 100000, 5, ''),
(425, 'HD0000000126', '001', 'Cà phê đen', 1, 10000, 5, ''),
(426, 'HD0000000127', '001', 'Cà phê đen', 1, 10000, 5, ''),
(427, 'HD0000000121', '003', 'Trà sữa chân trâu', 4, 20000, 1, ''),
(428, 'HD0000000121', '002', 'Cà phê đen đá ', 1, 100000, 1, ''),
(429, 'HD0000000129', '001', 'Cà phê đen', 1, 10000, 1, ''),
(430, 'HD0000000130', '003', 'Trà sữa chân trâu', 2, 20000, 1, ''),
(431, 'HD0000000130', '002', 'Cà phê đen đá ', 4, 100000, 1, ''),
(434, 'HD0000000131', '003', 'Trà sữa chân trâu', 2, 20000, 2, ''),
(435, 'HD0000000131', '002', 'Cà phê đen đá ', 10, 100000, 2, ''),
(436, 'HD0000000131', '001', 'Cà phê đen', 1, 10000, 2, ''),
(437, 'HD0000000132', '002', 'Cà phê đen đá ', 2, 100000, 2, ''),
(438, 'HD0000000132', '003', 'Trà sữa chân trâu', 9, 20000, 2, ''),
(439, 'HD0000000133', '004', 'Bạc xỉu', 3, 35000, 4, ''),
(440, 'HD0000000133', '003', 'Trà sữa chân trâu', 1, 20000, 4, ''),
(441, 'HD0000000133', '001', 'Cà phê đen 2', 1, 10000, 4, ''),
(442, 'HD0000000134', '004', 'Bạc xỉu', 5, 35000, 1, ''),
(443, 'HD0000000134', '003', 'Trà sữa chân trâu', 1, 20000, 1, ''),
(445, 'HD0000000134', '46227', 'trt5', 2, 10000, 1, ''),
(446, 'HD0000000135', '0019', 'chịu á', 5, 20000, 1, ''),
(448, 'HD0000000136', '0019', 'chịu á', 1, 20000, 1, ''),
(449, 'HD0000000137', '002', 'Cà phê đen đá ', 2, 100000, 1, ''),
(450, 'HD0000000137', '0019', 'chịu á', 1, 20000, 1, ''),
(451, 'HD0000000138', '002', 'Cà phê đen đá ', 3, 100000, 1, ''),
(452, 'HD0000000138', '020', 'bánh trung thu', 2, 20000, 1, ''),
(453, 'HD0000000139', '002', 'Cà phê đen đá ', 3, 100000, 1, ''),
(454, 'HD0000000139', '0019', 'chịu á', 1, 20000, 1, ''),
(456, 'HD0000000140', '013', 'thử13', 3, 5000, 1, ''),
(457, 'HD0000000140', '012', 'teest1', 1, 10000, 1, ''),
(458, 'HD0000000140', '020', 'bánh trung thu', 1, 20000, 1, ''),
(459, 'HD0000000141', '012', 'teest1', 4, 10000, 1, ''),
(460, 'HD0000000141', '001', 'Cà phê đen 2', 1, 10000, 1, ''),
(461, 'HD0000000141', '002', 'Cà phê đen đá ', 2, 100000, 1, ''),
(462, 'HD0000000141', '005', 'Caramel Machiato', 1, 30000, 1, ''),
(463, 'HD0000000142', '0019', 'chịu á', 2, 20000, 1, ''),
(464, 'HD0000000142', '012', 'teest1', 1, 10000, 1, ''),
(465, 'HD0000000142', '005', 'Caramel Machiato', 1, 30000, 1, ''),
(466, 'HD0000000142', '001', 'Cà phê đen 2', 1, 10000, 1, ''),
(467, 'HD0000000143', '0019', 'chịu á', 2, 20000, 1, ''),
(468, 'HD0000000143', '012', 'teest1', 1, 10000, 1, ''),
(469, 'HD0000000143', '005', 'Caramel Machiato', 1, 30000, 1, ''),
(470, 'HD0000000143', '001', 'Cà phê đen 2', 1, 10000, 1, ''),
(471, 'HD0000000144', '0019', 'chịu á', 4, 20000, 1, ''),
(472, 'HD0000000144', '012', 'teest1', 1, 10000, 1, ''),
(473, 'HD0000000144', '005', 'Caramel Machiato', 1, 30000, 1, ''),
(474, 'HD0000000144', '001', 'Cà phê đen 2', 3, 10000, 1, ''),
(475, 'HD0000000145', '002', 'Cà phê đen đá ', 5, 100000, 1, ''),
(476, 'HD0000000145', '013', 'thử13', 2, 5000, 1, ''),
(477, 'HD0000000145', '012', 'teest1', 2, 10000, 1, ''),
(478, 'HD0000000145', '001', 'Cà phê đen 2', 1, 10000, 1, ''),
(479, 'HD0000000146', '0019', 'chịu á', 2, 20000, 11, ''),
(481, 'HD0000000147', '0019', 'chịu á', 2, 20000, 2, '   dsađ\nddlkááá\ndđá\nsad'),
(482, 'HD0000000147', '002', 'Cà phê đen đá ', 2, 100000, 2, ''),
(483, 'HD0000000147', '001', 'Cà phê đen 2', 2, 10000, 2, ''),
(484, 'HD0000000148', '003', 'Trà sữa chân trâu', 3, 20000, 5, '  fdsfs'),
(485, 'HD0000000148', '013', 'thử13', 3, 5000, 5, '  fgf'),
(486, 'HD0000000148', '012', 'teest1', 2, 10000, 5, ''),
(487, 'HD0000000148', '0019', 'chịu á', 3, 20000, 5, ''),
(488, 'HD0000000149', '002', 'Cà phê đen đá ', 2, 100000, 3, '  dfgdfgsdfddf'),
(489, 'HD0000000149', '013', 'thử13', 2, 5000, 3, ' ssss'),
(490, 'HD0000000149', '012', 'teest1', 2, 10000, 3, ''),
(491, 'HD0000000149', '020', 'bánh trung thu', 2, 20000, 3, ''),
(492, 'HD0000000150', '004', 'Bạc xỉu', 2, 35000, 1, ''),
(495, 'HD0000000150', '012', 'teest1', 4, 10000, 1, ''),
(498, 'HD0000000132', '004', 'Bạc xỉu', 5, 35000, 2, ''),
(499, 'HD0000000132', '016', 'thử test trang', 3, 20000, 2, ''),
(500, 'HD0000000132', '013', 'thử13', 4, 5000, 2, ''),
(501, 'HD0000000138', '013', 'thử13', 1, 5000, 1, ''),
(502, 'HD0000000142', '013', 'thử13', 2, 5000, 1, ''),
(503, 'HD0000000142', '002', 'Cà phê đen đá ', 2, 100000, 1, ''),
(504, 'HD0000000142', '003', 'Trà sữa chân trâu', 2, 20000, 1, ''),
(505, 'HD0000000152', '004', 'Bạc xỉu', 2, 35000, 1, ''),
(506, 'HD0000000152', '013', 'thử13', 2, 5000, 1, ''),
(507, 'HD0000000152', '002', 'Cà phê đen đá ', 1, 100000, 1, ''),
(508, 'HD0000000152', '012', 'teest1', 2, 10000, 1, ''),
(509, 'HD0000000152', '016', 'thử test trang', 3, 20000, 1, ''),
(510, 'HD0000000152', '003', 'Trà sữa chân trâu', 2, 20000, 1, ''),
(511, 'HD0000000151', '002', 'Cà phê đen đá ', 4, 100000, 3, ''),
(513, 'HD0000000154', '013', 'thử13', 2, 5000, 2, ''),
(518, 'HD0000000151', '003', 'Trà sữa chân trâu', 2, 20000, 3, ''),
(519, 'HD0000000151', '001', 'Cà phê đen 2', 1, 10000, 3, ''),
(520, 'HD0000000151', '005', 'Caramel Machiato', 1, 30000, 3, ''),
(521, 'HD0000000151', '004', 'Bạc xỉu', 1, 35000, 3, ''),
(525, 'HD0000000156', '002', 'Cà phê đen đá ', 1, 100000, 3, ''),
(528, 'HD0000000157', '001', 'Cà phê đen 2', 1, 10000, 1, ''),
(529, 'HD0000000157', '002', 'Cà phê đen đá ', 2, 100000, 1, ''),
(530, 'HD0000000157', '003', 'Trà sữa chân trâu', 2, 20000, 1, ''),
(531, 'HD0000000144', '004', 'Bạc xỉu', 1, 35000, 1, ''),
(534, 'HD0000000150', '001', 'Cà phê đen 2', 1, 10000, 1, ''),
(535, 'HD0000000150', '0019', 'chịu á2', 2, 20000, 1, ''),
(537, 'HD0000000154', '0019', 'chịu á2', 2, 20000, 2, ''),
(539, 'HD0000000154', '002', 'Cà phê đen đá ', 5, 100000, 2, ''),
(546, 'HD0000000156', '001', 'Cà phê đen 2', 3, 10000, 3, ''),
(547, 'HD0000000156', '0019', 'chịu á2', 2, 20000, 3, ''),
(556, 'HD0000000156', '012', 'teest1', 2, 10000, 3, ''),
(557, 'HD0000000156', '005', 'Caramel Machiato', 1, 30000, 3, ''),
(559, 'HD0000000155', '005', 'Caramel Machiato', 2, 30000, 2, ''),
(560, 'HD0000000155', '001', 'Cà phê đen 2', 6, 10000, 2, ''),
(561, 'HD0000000155', '0019', 'chịu á2', 4, 20000, 2, ''),
(562, 'HD0000000155', '002', 'Cà phê đen đá ', 2, 100000, 2, ''),
(563, 'HD0000000155', '012', 'teest1', 2, 10000, 2, ''),
(564, 'HD0000000158', '005', 'Caramel Machiato', 2, 30000, 5, ''),
(565, 'HD0000000158', '001', 'Cà phê đen 2', 6, 10000, 5, ''),
(566, 'HD0000000158', '0019', 'chịu á2', 4, 20000, 5, ''),
(567, 'HD0000000158', '002', 'Cà phê đen đá ', 2, 100000, 5, ''),
(568, 'HD0000000158', '012', 'teest1', 2, 10000, 5, ''),
(569, 'HD0000000159', '012', 'teest1', 4, 10000, 2, ''),
(570, 'HD0000000159', '005', 'Caramel Machiato', 2, 30000, 2, ''),
(571, 'HD0000000159', '002', 'Cà phê đen đá ', 2, 100000, 2, ''),
(572, 'HD0000000159', '001', 'Cà phê đen 2', 3, 10000, 7, ''),
(573, 'HD0000000159', '0019', 'chịu á2', 2, 20000, 7, ''),
(574, 'HD0000000160', '002', 'Cà phê đen đá ', 1, 100000, 3, ''),
(575, 'HD0000000160', '001', 'Cà phê đen 2', 3, 10000, 3, ''),
(576, 'HD0000000160', '0019', 'chịu á2', 2, 20000, 3, ''),
(577, 'HD0000000160', '012', 'teest1', 2, 10000, 3, ''),
(578, 'HD0000000160', '005', 'Caramel Machiato', 1, 30000, 3, ''),
(579, 'HD0000000159', '002', 'Cà phê đen đá ', 2, 100000, 2, ''),
(580, 'HD0000000159', '001', 'Cà phê đen 2', 1, 10000, 2, ''),
(581, 'HD0000000159', '013', 'thử13', 1, 5000, 2, ''),
(582, 'HD0000000159', '016', 'thử test trang', 1, 20000, 2, ''),
(583, 'HD0000000162', '002', 'Cà phê đen đá ', 2, 100000, 3, ''),
(584, 'HD0000000162', '012', 'teest1', 2, 10000, 3, ''),
(585, 'HD0000000162', '0019', 'chịu á2', 1, 20000, 3, ''),
(586, 'HD0000000162', '001', 'Cà phê đen 2', 1, 10000, 3, ''),
(587, 'HD0000000163', '002', 'Cà phê đen đá ', 4, 100000, 2, ''),
(588, 'HD0000000163', '016', 'thử test trang', 2, 20000, 2, ''),
(589, 'HD0000000164', '013', 'thử13', 3, 5000, 4, ''),
(590, 'HD0000000164', '0019', 'chịu á2', 2, 20000, 4, ''),
(591, 'HD0000000165', '012', 'teest1', 2, 10000, 5, ''),
(592, 'HD0000000165', '018', 'thử test trang 3', 2, 150000, 5, ''),
(593, 'HD0000000165', '0ccc95c52', 'ư', 2, 0, 5, ''),
(594, 'HD0000000165', '1', 'fhtr', 1, 0, 5, ''),
(595, 'HD0000000163', '012', 'teest1', 2, 10000, 2, ''),
(596, 'HD0000000163', '0019', 'chịu á2', 1, 20000, 2, ''),
(597, 'HD0000000163', '001', 'Cà phê đen 2', 1, 10000, 2, ''),
(599, 'HD0000000166', '003', 'Trà sữa chân trâu', 3, 20000, 4, ''),
(601, 'HD0000000167', '001', 'Cà phê đen 2', 5, 10000, 2, ''),
(602, 'HD0000000167', '0019', 'chịu á2', 2, 20000, 2, ''),
(604, 'HD0000000167', '003', 'Trà sữa chân trâu', 2, 20000, 2, ''),
(605, 'HD0000000167', '016', 'thử test trang', 3, 20000, 2, ''),
(606, 'HD0000000168', '001', 'Cà phê đen 2', 1, 10000, 1, ''),
(607, 'HD0000000168', '0019', 'chịu á2', 1, 20000, 1, ''),
(608, 'HD0000000168', '002', 'Cà phê đen đá ', 1, 100000, 1, ''),
(609, 'HD0000000168', '013', 'thử13', 1, 5000, 1, ''),
(610, 'HD0000000168', '003', 'Trà sữa chân trâu', 1, 20000, 1, ''),
(611, 'HD0000000167', '012', 'teest1', 2, 10000, 8, ''),
(619, 'HD0000000169', '018', 'thử test trang 3', 5, 150000, 2, ''),
(620, 'HD0000000170', '0019', 'chịu á2', 9, 20000, 1, ''),
(621, 'HD0000000170', '002', 'Cà phê đen đá ', 1, 100000, 1, ''),
(622, 'HD0000000170', '003', 'Trà sữa chân trâu', 1, 20000, 1, ''),
(623, 'HD0000000171', '004', 'Bạc xỉu', 2, 35000, 4, ''),
(624, 'HD0000000171', '001', 'Cà phê đen 2', 2, 10000, 4, ''),
(625, 'HD0000000171', '003', 'Trà sữa chân trâu', 1, 20000, 4, ''),
(626, 'HD0000000171', '005', 'Caramel Machiato', 1, 30000, 4, ''),
(627, 'HD0000000172', '016', 'thử test trang', 1, 20000, 3, ''),
(628, 'HD0000000172', '003', 'Trà sữa chân trâu', 2, 20000, 3, ''),
(629, 'HD0000000172', '004', 'Bạc xỉu', 1, 35000, 3, ''),
(630, 'HD0000000173', '004', 'Bạc xỉu', 2, 35000, 4, ''),
(631, 'HD0000000174', '0ccc95c52', 'ư', 1, 0, 3, ''),
(632, 'HD0000000175', '004', 'Bạc xỉu', 1, 35000, 3, ''),
(633, 'HD0000000176', '003', 'Trà sữa chân trâu', 1, 20000, 4, ''),
(634, 'HD0000000177', '005', 'Caramel Machiato', 1, 30000, 4, ''),
(635, 'HD0000000177', '009', 'Cà phê  espresso 2', 1, 15000, 4, ''),
(636, 'HD0000000178', '013', 'thử13', 1, 5000, 7, ''),
(637, 'HD0000000178', '004', 'Bạc xỉu', 1, 35000, 7, ''),
(638, 'HD0000000179', '009', 'Cà phê  espresso 2', 1, 15000, 12, ''),
(639, 'HD0000000180', '004', 'Bạc xỉu', 1, 35000, 3, ''),
(640, 'HD0000000181', '004', 'Bạc xỉu', 1, 35000, 4, ''),
(641, 'HD0000000182', '003', 'Trà sữa chân trâu', 1, 20000, 2, ''),
(642, 'HD0000000183', '003', 'Trà sữa chân trâu', 1, 20000, 3, ''),
(643, 'HD0000000184', '004', 'Bạc xỉu', 1, 35000, 2, ''),
(644, 'HD0000000185', '004', 'Bạc xỉu', 1, 35000, 2, ''),
(645, 'HD0000000186', '004', 'Bạc xỉu', 1, 35000, 2, ''),
(646, 'HD0000000186', '005', 'Caramel Machiato', 1, 30000, 2, ''),
(648, 'HD0000000187', '009', 'Cà phê  espresso 2', 3, 15000, 4, ''),
(651, 'HD0000000188', '005', 'Caramel Machiato', 3, 30000, 3, ''),
(652, 'HD0000000188', '003', 'Trà sữa chân trâu', 1, 20000, 3, ''),
(653, 'HD0000000188', '009', 'Cà phê  espresso 2', 1, 15000, 3, ''),
(654, 'HD0000000189', '005', 'Caramel Machiato', 1, 30000, 7, ''),
(655, 'HD0000000189', '009', 'Cà phê  espresso 2', 1, 15000, 7, ''),
(656, 'HD0000000189', '012', 'teest1', 1, 10000, 7, ''),
(657, 'HD0000000189', '004', 'Bạc xỉu', 1, 35000, 7, ''),
(658, 'HD0000000190', '005', 'Caramel Machiato', 3, 30000, 8, ''),
(659, 'HD0000000190', '003', 'Trà sữa chân trâu', 2, 20000, 8, ''),
(660, 'HD0000000190', '009', 'Cà phê  espresso 2', 1, 15000, 8, ''),
(661, 'HD0000000191', '005', 'Caramel Machiato', 2, 30000, 11, ''),
(662, 'HD0000000191', '004', 'Bạc xỉu', 2, 35000, 11, ''),
(663, 'HD0000000191', '003', 'Trà sữa chân trâu', 2, 20000, 11, ''),
(664, 'HD0000000191', '009', 'Cà phê  espresso 2', 1, 15000, 11, ''),
(665, 'HD0000000192', '009', 'Cà phê  espresso 2', 1, 15000, 8, ''),
(666, 'HD0000000192', '005', 'Caramel Machiato', 1, 30000, 8, ''),
(667, 'HD0000000192', '004', 'Bạc xỉu', 1, 35000, 8, ''),
(668, 'HD0000000193', '005', 'Caramel Machiato', 2, 30000, 3, ''),
(669, 'HD0000000193', '003', 'Trà sữa chân trâu', 2, 20000, 3, ''),
(670, 'HD0000000193', '009', 'Cà phê  espresso 2', 1, 15000, 3, ''),
(671, '', '005', 'Caramel Machiato', 1, 30000, 7, ''),
(672, '', '009', 'Cà phê  espresso 2', 1, 15000, 7, ''),
(673, '', '012', 'teest1', 1, 10000, 7, ''),
(674, '', '004', 'Bạc xỉu', 1, 35000, 7, ''),
(675, 'HD0000000194', '005', 'Caramel Machiato', 1, 30000, 11, ''),
(676, 'HD0000000195', '005', 'Caramel Machiato', 1, 30000, 1, ''),
(677, 'HD0000000195', '004', 'Bạc xỉu', 2, 35000, 1, ''),
(678, 'HD0000000187', '012', 'teest1', 2, 10000, 2, ''),
(679, 'HD0000000187', '005', 'Caramel Machiato', 1, 30000, 2, ''),
(680, 'HD0000000187', '004', 'Bạc xỉu', 2, 35000, 2, ''),
(681, 'HD0000000187', '003', 'Trà sữa chân trâu', 3, 20000, 2, '');

-- --------------------------------------------------------

--
-- Cấu trúc bảng cho bảng `chucvu`
--

CREATE TABLE `chucvu` (
  `MaChucVu` varchar(50) COLLATE utf8mb4_vietnamese_ci NOT NULL,
  `TenChucVu` varchar(50) COLLATE utf8mb4_vietnamese_ci NOT NULL,
  `Mô tả` varchar(400) COLLATE utf8mb4_vietnamese_ci NOT NULL,
  `Level` int(11) NOT NULL,
  `Phamvi` varchar(50) COLLATE utf8mb4_vietnamese_ci NOT NULL
) ENGINE=InnoDB DEFAULT CHARSET=utf8mb4 COLLATE=utf8mb4_vietnamese_ci;

--
-- Đang đổ dữ liệu cho bảng `chucvu`
--

INSERT INTO `chucvu` (`MaChucVu`, `TenChucVu`, `Mô tả`, `Level`, `Phamvi`) VALUES
('CV01', 'Quản lý', 'Quản lý tại cửa hàng được quyền bán hàng mở và chốt ca, không được chỉnh sửa thực đơn và không được xem báo cáo.', 2, 'POS'),
('CV02', 'Kế toán', 'Kế toán được quyền xem báo cáo, cung cấp tài khoản để kết nối Phần Mềm Kế toán IPOS', 1, 'CMS, MANAGER'),
('CV07', 'Nhân viên Pha Chế', 'Có quyền đăng nhập vào phần mềm dành riêng cho nhân viên pha chế, nhận yêu cầu từ giấy in của nhân viên order tiến hành chế biến. Thông báo tình trạng thực hiện món ăn, tình trạng nguyên liệu..', 7, 'CMS'),
('CV08', 'Nhân viên order', 'Nhân viên order chỉ được đăng nhập vào phần mềm, chỉ có quyền order và không có quyền thanh toán', 8, 'POS');

-- --------------------------------------------------------

--
-- Cấu trúc bảng cho bảng `dvt`
--

CREATE TABLE `dvt` (
  `MaDVT` varchar(50) COLLATE utf8mb4_vietnamese_ci NOT NULL,
  `TenDVT` varchar(50) COLLATE utf8mb4_vietnamese_ci NOT NULL
) ENGINE=InnoDB DEFAULT CHARSET=utf8mb4 COLLATE=utf8mb4_vietnamese_ci;

--
-- Đang đổ dữ liệu cho bảng `dvt`
--

INSERT INTO `dvt` (`MaDVT`, `TenDVT`) VALUES
('DVT1', 'Ly'),
('DVT10', 'Đôi'),
('DVT2', 'Chai'),
('DVT3', 'Lon'),
('DVT4', 'Đĩa'),
('DVT5', 'Gói'),
('DVT6', 'Cái'),
('DVT8', 'Bát'),
('DVT9', 'Kg');

-- --------------------------------------------------------

--
-- Cấu trúc bảng cho bảng `hoadon`
--

CREATE TABLE `hoadon` (
  `hoadon_id` int(11) NOT NULL,
  `MaHD` varchar(50) COLLATE utf8mb4_vietnamese_ci NOT NULL,
  `MaNV` varchar(50) COLLATE utf8mb4_vietnamese_ci NOT NULL,
  `NgayLap` datetime NOT NULL,
  `Tien` int(11) NOT NULL,
  `Giamgia` int(11) NOT NULL,
  `Tongtien` int(11) NOT NULL,
  `HinhThucThanhToan` varchar(50) COLLATE utf8mb4_vietnamese_ci NOT NULL,
  `MaBan` int(11) NOT NULL,
  `Status` int(1) NOT NULL,
  `Note` text COLLATE utf8mb4_vietnamese_ci NOT NULL,
  `MaKH` varchar(50) COLLATE utf8mb4_vietnamese_ci NOT NULL,
  `Ngaysua` datetime DEFAULT NULL
) ENGINE=InnoDB DEFAULT CHARSET=utf8mb4 COLLATE=utf8mb4_vietnamese_ci;

--
-- Đang đổ dữ liệu cho bảng `hoadon`
--

INSERT INTO `hoadon` (`hoadon_id`, `MaHD`, `MaNV`, `NgayLap`, `Tien`, `Giamgia`, `Tongtien`, `HinhThucThanhToan`, `MaBan`, `Status`, `Note`, `MaKH`, `Ngaysua`) VALUES
(1, 'HD000000001', '001', '2021-07-02 21:07:05', 40000, 0, 40000, 'Cash', 1, 0, 'không gì cả ', '', NULL),
(30, 'HD000000028', 'huyquantri', '2021-06-27 19:41:23', 260000, 0, 260000, 'Cash', 7, 0, 'tébàn 8         ', 'KH001', NULL),
(31, 'HD000000031', '', '2021-06-27 23:18:28', 260000, 0, 260000, 'Cash', 5, 0, 'không cóa gì cả ', 'KH001', NULL),
(33, 'HD000000032', 'huyquantri', '2021-06-27 13:02:47', 230000, 0, 230000, 'Cash', 8, 0, '', '', NULL),
(34, 'HD000000034', 'huyquantri', '2021-06-27 13:14:03', 260000, 0, 260000, 'Cash', 8, 0, '', '', NULL),
(35, 'HD000000035', 'huyquantri', '2021-06-27 14:08:43', 260000, 0, 260000, 'Cash', 8, 0, '', '', NULL),
(43, 'HD000000036', 'huyquantri', '2021-06-27 14:47:20', 145000, 0, 145000, 'Cash', 8, 0, '', 'KH001', NULL),
(44, 'HD000000044', 'huyquantri', '2021-06-27 14:53:04', 265000, 0, 265000, 'Cash', 8, 0, '', 'KH001', NULL),
(45, 'HD000000045', 'huyquantri', '2021-06-27 14:55:24', 480000, 0, 480000, 'Cash', 8, 0, '', 'KH001', NULL),
(46, 'HD000000046', 'huyquantri', '2021-06-27 14:56:28', 170000, 0, 170000, 'Cash', 8, 0, 'gfhgfhfgh', 'KH003', NULL),
(47, 'HD000000047', 'huyquantri', '2021-06-27 14:57:57', 270000, 0, 270000, 'Cash', 8, 0, 'dfgdgdfg', '', NULL),
(48, 'HD000000048', 'huyquantri', '2021-06-27 15:10:46', 140000, 0, 140000, 'Cash', 8, 0, '', '', NULL),
(60, 'HD000000060', 'huyquantri', '2021-06-27 15:37:58', 140000, 0, 140000, 'Cash', 11, 0, '', '', NULL),
(61, 'HD000000061', 'huyquantri', '2021-06-27 15:38:42', 340000, 0, 340000, 'Cash', 11, 0, '', '', NULL),
(62, 'HD000000062', 'huyquantri', '2021-06-27 15:39:52', 40000, 0, 40000, 'Cash', 11, 0, '', '', NULL),
(63, 'HD000000063', 'huyquantri', '2021-06-27 15:40:21', 250000, 0, 250000, 'Cash', 11, 0, '', '', NULL),
(64, 'HD000000064', 'huyquantri', '2021-06-27 15:41:16', 340000, 0, 340000, 'Cash', 11, 0, '', '', NULL),
(65, 'HD000000065', 'huyquantri', '2021-06-27 15:43:14', 240000, 0, 240000, 'Cash', 11, 0, '', '', NULL),
(66, 'HD000000066', 'huyquantri', '2021-06-27 15:45:17', 140000, 0, 140000, 'Cash', 11, 0, '', '', NULL),
(67, 'HD000000067', 'huyquantri', '2021-06-27 15:48:10', 240000, 0, 240000, 'Cash', 11, 0, '', '', NULL),
(69, 'HD000000069', 'huyquantri', '2021-06-27 15:51:07', 185000, 0, 185000, 'Cash', 11, 0, '', '', NULL),
(70, 'HD000000070', 'huyquantri', '2021-06-27 15:52:47', 240000, 0, 240000, 'Cash', 11, 0, '', '', NULL),
(71, 'HD000000071', 'huyquantri', '2021-06-27 15:54:12', 330000, 0, 330000, 'Cash', 11, 0, '', '', NULL),
(72, 'HD000000072', 'huyquantri', '2021-06-27 15:55:08', 175000, 0, 175000, 'Cash', 11, 0, '', '', NULL),
(73, 'HD000000073', 'huyquantri', '2021-06-27 15:56:03', 165000, 0, 165000, 'Cash', 11, 0, '', '', NULL),
(74, 'HD000000074', 'huyquantri', '2021-06-27 15:57:37', 165000, 0, 165000, 'Cash', 11, 0, '', '', NULL),
(75, 'HD000000075', 'huyquantri', '2021-06-27 16:18:19', 275000, 0, 275000, 'Cash', 11, 0, '', '', NULL),
(76, 'HD000000076', 'huyquantri', '2021-06-27 16:37:14', 450000, 0, 450000, 'Cash', 11, 0, '', 'KH001', NULL),
(77, 'HD000000077', 'huyquantri', '2021-06-27 16:37:45', 315000, 0, 315000, 'Cash', 11, 0, '', '', NULL),
(78, 'HD000000078', 'huyquantri', '2021-06-27 16:38:43', 300000, 0, 300000, 'Cash', 11, 0, '', '', NULL),
(79, 'HD000000079', 'huyquantri', '2021-06-27 16:39:26', 375000, 0, 375000, 'Cash', 11, 0, '', '', NULL),
(80, 'HD000000080', 'huyquantri', '2021-06-27 16:40:03', 420000, 0, 420000, 'Cash', 11, 0, '', '', NULL),
(81, 'HD000000081', 'huyquantri', '2021-06-27 16:55:39', 295000, 0, 295000, 'Cash', 11, 0, '', '', NULL),
(82, 'HD000000082', 'huyquantri', '2021-06-27 16:58:11', 295000, 0, 295000, 'Cash', 11, 0, '', '', NULL),
(83, 'HD000000083', 'huyquantri', '2021-06-27 17:03:03', 165000, 0, 165000, 'Cash', 11, 0, '', '', NULL),
(84, 'HD000000084', 'huyquantri', '2021-06-27 17:06:58', 220000, 0, 220000, 'Cash', 11, 0, '', '', NULL),
(85, 'HD000000085', 'huyquantri', '2021-06-27 17:09:46', 270000, 0, 270000, 'Cash', 11, 0, '', '', NULL),
(86, 'HD000000086', 'huyquantri', '2021-06-27 17:13:08', 285000, 0, 285000, 'Cash', 11, 0, '', '', NULL),
(87, 'HD000000087', 'huyquantri', '2021-06-27 17:14:01', 340000, 0, 340000, 'Cash', 11, 0, '', '', NULL),
(88, 'HD000000088', 'huyquantri', '2021-06-27 17:16:10', 280000, 0, 280000, 'Cash', 11, 0, '', '', NULL),
(89, 'HD000000089', 'huyquantri', '2021-06-27 17:17:44', 220000, 0, 220000, 'Cash', 11, 0, '', '', NULL),
(90, 'HD000000090', 'huyquantri', '2021-06-27 17:18:47', 165000, 0, 165000, 'Cash', 11, 0, '', '', NULL),
(91, 'HD000000091', 'huyquantri', '2021-06-27 17:20:23', 200000, 0, 200000, 'Cash', 11, 0, '', '', NULL),
(92, 'HD000000092', 'huyquantri', '2021-06-27 17:27:54', 510000, 0, 510000, 'Cash', 11, 0, '', '', NULL),
(93, 'HD000000093', 'huyquantri', '2021-06-27 17:30:52', 330000, 0, 330000, 'Cash', 11, 0, '', '', NULL),
(94, 'HD000000094', '', '2021-06-27 17:36:13', 165000, 0, 165000, 'Cash', 11, 0, '', '', NULL),
(95, 'HD000000095', '', '2021-06-27 17:37:14', 275000, 0, 275000, 'Cash', 11, 0, '', 'KH001', NULL),
(96, 'HD000000096', 'huyquantri', '2021-06-27 17:37:31', 120000, 0, 120000, 'Cash', 11, 0, '', '', NULL),
(97, 'HD000000097', 'huyquantri', '2021-06-27 17:41:46', 220000, 0, 220000, 'Cash', 11, 0, '', '', NULL),
(98, 'HD000000098', 'huyquantri', '2021-06-27 17:42:13', 165000, 0, 165000, 'Cash', 11, 0, '', '', NULL),
(99, 'HD000000099', 'huyquantri', '2021-06-27 17:42:52', 165000, 0, 165000, 'Cash', 11, 0, '', '', NULL),
(100, 'HD0000000100', 'huyquantri', '2021-06-27 17:43:26', 190000, 0, 190000, 'Cash', 11, 0, '', '', NULL),
(101, 'HD0000000101', 'huyquantri', '2021-06-27 17:44:39', 165000, 0, 165000, 'Cash', 11, 0, '', '', NULL),
(102, 'HD0000000102', 'huyquantri', '2021-06-27 17:45:37', 35000, 0, 35000, 'Cash', 11, 0, '', '', NULL),
(103, 'HD0000000103', 'huyquantri', '2021-06-27 17:53:19', 185000, 0, 185000, 'Cash', 11, 0, '', '', NULL),
(104, 'HD0000000104', 'huyquantri', '2021-06-27 17:56:47', 290000, 0, 290000, 'Cash', 11, 0, '', '', NULL),
(105, 'HD0000000105', 'huyquantri', '2021-06-27 20:09:17', 615000, 0, 615000, 'Cash', 11, 0, '', 'KH002', NULL),
(108, 'HD0000000108', 'huyquantri', '2021-06-27 21:45:13', 265000, 0, 265000, 'Cash', 6, 0, '', '', NULL),
(109, 'HD0000000109', 'huyquantri', '2021-06-28 10:09:59', 265000, 0, 265000, 'Cash', 11, 0, 'rtrt', 'KH001', NULL),
(110, 'HD0000000110', 'huyquantri', '2021-06-27 21:47:54', 185000, 0, 185000, 'Cash', 8, 0, '', '', NULL),
(111, 'HD0000000111', 'huyquantri', '2021-06-27 21:50:08', 220000, 0, 220000, 'Cash', 6, 0, '', '', NULL),
(112, 'HD0000000112', 'huyquantri', '2021-06-27 21:51:23', 165000, 0, 165000, 'Cash', 6, 0, '', '', NULL),
(113, 'HD0000000113', 'huyquantri', '2021-06-27 21:51:55', 185000, 0, 185000, 'Cash', 6, 0, '', '', NULL),
(114, 'HD0000000114', 'huyquantri', '2021-06-27 21:57:55', 250000, 0, 250000, 'Cash', 6, 0, '', '', NULL),
(115, 'HD0000000115', 'huyquantri', '2021-06-27 21:58:47', 80000, 0, 80000, 'Cash', 6, 0, '', '', NULL),
(116, 'HD0000000116', 'huyquantri', '2021-06-27 21:59:40', 200000, 0, 200000, 'Cash', 6, 0, '', '', NULL),
(117, 'HD0000000117', 'huyquantri', '2021-06-27 22:00:48', 295000, 0, 295000, 'Cash', 6, 0, 'dsf', 'KH001', NULL),
(118, 'HD0000000118', 'huyquantri', '2021-06-27 22:09:15', 415000, 0, 415000, 'Cash', 6, 0, '', '', NULL),
(119, 'HD0000000119', 'huyquantri', '2021-06-28 10:11:07', 300000, 0, 300000, 'Cash', 5, 0, '', '', NULL),
(120, 'HD0000000120', '', '2021-06-28 13:14:55', 165000, 0, 165000, 'Cash', 5, 0, '', 'KH001', NULL),
(128, 'HD0000000121', 'huyquantri', '2021-07-02 22:13:59', 215000, 0, 215000, 'Cash', 1, 0, '', '', NULL),
(129, 'HD0000000129', 'huyquantri', '2021-07-02 22:18:01', 10000, 0, 10000, 'Cash', 1, 0, '', '', NULL),
(130, 'HD0000000130', 'huyquantri', '2021-07-07 15:11:15', 440000, 0, 440000, 'Cash', 1, 0, '', '', NULL),
(131, 'HD0000000131', 'huyquantri', '2021-07-07 15:07:32', 1050000, 0, 1050000, 'Cash', 2, 0, '', '', NULL),
(132, 'HD0000000132', 'huyquantri', '2021-07-15 22:16:47', 635000, 0, 635000, 'Cash', 2, 0, 'td   ', 'KH001', NULL),
(133, 'HD0000000133', 'huyquantri', '2021-07-14 09:34:01', 135000, 0, 135000, 'Cash', 4, 0, '', 'KH001', NULL),
(134, 'HD0000000134', 'huyquantri', '2021-07-14 09:37:26', 215000, 0, 215000, 'Cash', 1, 0, '', '', NULL),
(135, 'HD0000000135', 'huyquantri', '2021-07-15 22:18:39', 100000, 0, 100000, 'Cash', 1, 0, '', '', '2021-07-25 20:24:40'),
(136, 'HD0000000136', 'huyquantri', '2021-07-25 19:17:39', 20000, 0, 20000, 'Cash', 1, 0, '', '', NULL),
(137, 'HD0000000137', 'huyquantri', '2021-07-15 22:20:31', 220000, 0, 220000, 'Cash', 1, 0, '', '', NULL),
(138, 'HD0000000138', 'huyquantri', '2021-07-15 22:21:09', 345000, 0, 345000, 'Cash', 1, 0, '', 'KH003', NULL),
(139, 'HD0000000139', 'huyquantri', '2021-07-15 22:22:31', 320000, 0, 320000, 'Cash', 1, 0, '', '', NULL),
(140, 'HD0000000140', 'huyquantri', '2021-07-15 22:33:58', 45000, 0, 45000, 'Cash', 1, 0, '', '', NULL),
(141, 'HD0000000141', 'huyquantri', '2021-07-15 22:35:46', 280000, 0, 280000, 'Cash', 1, 0, '', '', NULL),
(142, 'HD0000000142', 'huyquantri', '2021-07-15 22:38:06', 340000, 0, 340000, 'Cash', 1, 0, '', '', NULL),
(143, 'HD0000000143', 'huyquantri', '2021-07-15 22:38:18', 90000, 0, 90000, 'Cash', 1, 0, '', 'KH003', NULL),
(144, 'HD0000000144', 'huyquantri', '2021-07-15 22:38:15', 185000, 0, 185000, 'Cash', 1, 0, '', 'KH003', '2021-07-26 11:42:11'),
(145, 'HD0000000145', 'huyquantri', '2021-07-16 15:12:22', 540000, 0, 540000, 'Cash', 1, 0, '', 'KH003', NULL),
(146, 'HD0000000146', 'huyquantri', '2021-07-24 16:47:23', 40000, 0, 40000, 'Cash', 11, 0, '', 'KH001', NULL),
(147, 'HD0000000147', 'huyquantri', '2021-07-24 16:42:14', 260000, 0, 260000, 'Cash', 2, 0, 'ádjkk\nddlkjá\nddlk\n  ', 'KH001', NULL),
(148, 'HD0000000148', 'huyquantri', '2021-07-24 16:47:10', 155000, 0, 155000, 'Cash', 5, 0, 'sdfssf ', '', NULL),
(149, 'HD0000000149', 'huyquantri', '2021-07-24 16:47:01', 270000, 0, 270000, 'Cash', 3, 0, 'sdfdfdfss ', 'KH002', NULL),
(150, 'HD0000000150', 'huyquantri', '2021-07-25 19:35:43', 160000, 0, 160000, 'Cash', 1, 0, '', '', '2021-08-20 19:49:58'),
(153, 'HD0000000151', 'huyquantri', '2021-07-25 23:18:59', 515000, 0, 515000, 'Cash', 3, 0, '', 'KH002', NULL),
(154, 'HD0000000154', 'huyquantri', '2021-07-25 23:18:30', 550000, 0, 550000, 'Cash', 2, 0, 'thử', 'KH001', '2021-08-20 19:54:57'),
(155, 'HD0000000155', 'huyquantri', '2021-08-21 00:43:13', 200000, 0, 420000, 'Cash', 5, 0, 'hjhg                ', 'KH001', NULL),
(156, 'HD0000000156', 'huyquantri', '2021-08-21 08:13:08', 220000, 0, 220000, 'Cash', 3, 0, 'nô   ', 'KH003', NULL),
(157, 'HD0000000157', 'huyquantri', '2021-07-26 10:25:58', 250000, 0, 250000, 'Cash', 1, 0, '', '', NULL),
(158, 'HD0000000158', 'huyquantri', '2021-08-21 07:24:28', 420000, 0, 420000, 'Cash', 5, 0, 'hjhg                 ', '', NULL),
(161, 'HD0000000159', 'huyquantri', '2021-08-21 08:14:39', 235000, 0, 605000, 'Cash', 2, 0, '', '', NULL),
(162, 'HD0000000162', 'huyquantri', '2021-08-21 08:14:31', 250000, 0, 250000, '', 3, 0, '', '', NULL),
(163, 'HD0000000163', 'huyquantri', '2021-08-21 08:14:47', 490000, 0, 490000, '', 5, 0, 'csd', '', '2021-10-03 17:59:10'),
(164, 'HD0000000164', 'huyquantri', '2021-08-21 08:15:11', 55000, 0, 55000, 'Cash', 4, 0, '', '', NULL),
(165, 'HD0000000165', 'huyquantri', '2021-08-21 08:15:19', 320000, 0, 320000, 'Cash', 5, 0, '', '', NULL),
(166, 'HD0000000166', 'huyquantri', '2021-08-21 08:16:06', 60000, 0, 60000, '', 4, 0, 'hgh', 'KH004', '2021-08-21 08:58:57'),
(167, 'HD0000000167', 'huyquantri', '2021-10-16 22:29:36', 210000, 0, 210000, 'Cash', 5, 0, '', '', NULL),
(168, 'HD0000000168', 'huyquantri', '2021-08-21 08:43:10', 155000, 0, 155000, 'Cash', 1, 0, '', '', NULL),
(169, 'HD0000000169', 'huyquantri', '2021-10-16 15:41:32', 750000, 0, 0, 'Cash', 2, 0, '', 'KH001', NULL),
(170, 'HD0000000170', 'donatram', '2021-08-21 09:50:58', 300000, 0, 300000, '', 1, 0, '', 'KH003', NULL),
(171, 'HD0000000171', 'huyquantri', '2021-10-03 17:43:40', 140000, 0, 140000, 'Cash', 4, 0, '', 'KH004', NULL),
(172, 'HD0000000172', 'huyquantri', '2021-10-03 17:45:02', 95000, 0, 95000, '', 6, 1, '', '', NULL),
(173, 'HD0000000173', 'boy1dollar', '2021-10-03 19:04:57', 70000, 0, 70000, 'Cash', 4, 0, '', '', NULL),
(174, 'HD0000000174', 'huyquantri', '2021-10-13 10:21:13', 0, 0, 0, 'Cash', 3, 0, '', '', NULL),
(175, 'HD0000000175', 'huyquantri', '2021-10-16 15:02:27', 35000, 0, 35000, 'Cash', 3, 0, '', '', NULL),
(176, 'HD0000000176', 'huyquantri', '2021-10-16 12:07:22', 20000, 0, 20000, 'Cash', 4, 0, '', '', NULL),
(177, 'HD0000000177', 'huyquantri', '2021-10-16 12:10:18', 45000, 0, 45000, 'Cash', 4, 0, '', '', NULL),
(178, 'HD0000000178', 'huyquantri', '2021-10-16 12:11:17', 40000, 0, 40000, 'Cash', 7, 0, '', '', NULL),
(179, 'HD0000000179', 'huyquantri', '2021-10-16 12:20:25', 15000, 0, 20000, 'Cash', 12, 0, '', '', NULL),
(180, 'HD0000000180', 'huyquantri', '2021-10-16 15:35:55', 35000, 0, 45000, 'Cash', 3, 0, '', '', NULL),
(181, 'HD0000000181', 'huyquantri', '2021-10-16 15:39:06', 35000, 0, 25000, 'Cash', 4, 0, '', '', NULL),
(182, 'HD0000000182', 'huyquantri', '2021-10-16 17:20:46', 20000, 0, 30000, 'Cash', 2, 0, '', '', NULL),
(183, 'HD0000000183', 'huyquantri', '2021-10-16 17:19:55', 20000, 0, 20000, 'Cash', 3, 0, '', '', NULL),
(184, 'HD0000000184', 'huyquantri', '2021-10-16 17:22:26', 35000, 0, 35000, 'Cash', 2, 0, '', '', NULL),
(185, 'HD0000000185', 'huyquantri', '2021-10-16 17:26:35', 35000, 0, 35000, 'Cash', 2, 0, '', '', NULL),
(186, 'HD0000000186', 'huyquantri', '2021-10-16 17:28:48', 65000, 0, 65000, 'Cash', 2, 0, '', '', '2021-10-16 20:47:34'),
(187, 'HD0000000187', 'huyquantri', '2021-11-02 17:35:11', 225000, 30000, 635000, 'Cash', 2, 0, '', 'KH001', NULL),
(188, 'HD0000000188', 'huyquantri', '2021-10-17 11:16:53', 125000, 0, 125000, 'Cash', 3, 0, '', '', NULL),
(189, 'HD0000000189', '', '2021-10-17 11:20:52', 90000, 0, 90000, '', 11, 0, '', '', NULL),
(190, 'HD0000000190', 'huyquantri', '2021-10-17 11:22:06', 145000, 0, 200000, 'Cash', 8, 0, '', 'KH003', NULL),
(191, 'HD0000000191', 'huyquantri', '2021-10-17 11:23:42', 185000, 30000, 185000, 'Cash', 11, 0, 'thử ghi chú ', 'KH001', NULL),
(192, 'HD0000000192', 'huyquantri', '2021-10-17 11:24:55', 80000, 23000, 120000, 'Cash', 8, 0, 'thử ghi chú  ', 'KH003', NULL),
(193, 'HD0000000193', 'huyquantri', '2021-10-17 11:26:56', 115000, 23000, 200000, 'Cash', 3, 0, 'thử ghi chú   ', 'KH003', NULL),
(194, 'HD0000000194', 'huyquantri', '2021-10-17 11:31:17', 30000, 0, 30000, 'Cash', 11, 0, '', '', NULL),
(195, 'HD0000000195', 'huyquantri', '2021-10-17 11:31:30', 100000, 0, 100000, '', 1, 1, '', '', NULL);

-- --------------------------------------------------------

--
-- Cấu trúc bảng cho bảng `khachhang`
--

CREATE TABLE `khachhang` (
  `MaKH` varchar(50) COLLATE utf8mb4_vietnamese_ci NOT NULL,
  `TenKH` varchar(50) COLLATE utf8mb4_vietnamese_ci NOT NULL,
  `Username` varchar(50) COLLATE utf8mb4_vietnamese_ci DEFAULT NULL,
  `Password` varchar(50) COLLATE utf8mb4_vietnamese_ci DEFAULT NULL,
  `Diemthuong` int(11) NOT NULL,
  `Duno` int(11) NOT NULL,
  `Gioitinh` varchar(5) COLLATE utf8mb4_vietnamese_ci NOT NULL,
  `SDT` varchar(50) COLLATE utf8mb4_vietnamese_ci NOT NULL,
  `Diachi` text COLLATE utf8mb4_vietnamese_ci NOT NULL,
  `Tonggiaodich` int(11) NOT NULL,
  `Ngaytao` date DEFAULT NULL,
  `Trangthai` varchar(50) COLLATE utf8mb4_vietnamese_ci NOT NULL,
  `Capdo` int(11) NOT NULL,
  `Avatar` varchar(50) COLLATE utf8mb4_vietnamese_ci NOT NULL,
  `Ghichu` text COLLATE utf8mb4_vietnamese_ci NOT NULL,
  `Email` varchar(50) COLLATE utf8mb4_vietnamese_ci NOT NULL,
  `Birthday` date DEFAULT NULL
) ENGINE=InnoDB DEFAULT CHARSET=utf8mb4 COLLATE=utf8mb4_vietnamese_ci;

--
-- Đang đổ dữ liệu cho bảng `khachhang`
--

INSERT INTO `khachhang` (`MaKH`, `TenKH`, `Username`, `Password`, `Diemthuong`, `Duno`, `Gioitinh`, `SDT`, `Diachi`, `Tonggiaodich`, `Ngaytao`, `Trangthai`, `Capdo`, `Avatar`, `Ghichu`, `Email`, `Birthday`) VALUES
('KH001', 'Khách lẻ Nam3', 'khachlenam', 'd41d8cd98f00b204e9800998ecf8427e', 0, 0, '', '', '', 0, NULL, 'Active', 0, '', '', '', NULL),
('KH002', 'Khách lẻ Nữ', 'khachlenu', 'd41d8cd98f00b204e9800998ecf8427e', 0, 0, '', '', '', 2, NULL, 'Active', 0, '', '', '', NULL),
('KH003', 'Huy Gà', '', 'd41d8cd98f00b204e9800998ecf8427e', 2, 1000, 'Nam', '0795670932', 'ewrưe\r\nyu', 4, NULL, 'Active', 0, '', '', '', NULL),
('KH004', 'Test004', 'Usernametest4', '2f3bc18c0d3e6b1b8a445075535d26e9', 2, 3000, 'Nam', '0878786769876', 'nhà chứ đâu\r\ngần biển nớ', 0, '2021-07-18', 'Active', 1, '', 'sđa', 'spauril4@gmail.com', '2001-05-01'),
('KH005', 'Test005', 'Usernametest5', '2f3bc18c0d3e6b1b8a445075535d26e9', 2, 3000, 'Nam', '0878786769876', 'nhà chứ đâu\r\ngần biển nớ', 0, '2021-07-18', 'Active', 1, '', 'test ghi\r\nchú 5', 'spauril4@gmail.com', '2001-05-01'),
('KH006', 'Test006', 'Usernametest6', '2f3bc18c0d3e6b1b8a445075535d26e9', 2, 3000, 'Nam', '0878786769876', 'nhà chứ đâu\r\ngần biển nớ', 0, '2021-07-18', 'Active', 1, '', 'test ghi\r\nchú 6', 'spauril4@gmail.com', '2001-05-01'),
('KH007', 'Test007', 'Usernametest7', '2f3bc18c0d3e6b1b8a445075535d26e9', 2, 3000, 'Nam', '0878786769876', 'nhà chứ đâu\r\ngần biển nớ', 0, '2021-07-18', 'Active', 1, '', 'test ghi\r\nchú 7', 'spauril4@gmail.com', '2001-05-01'),
('KH008', 'Test008', 'Usernametest8', '2f3bc18c0d3e6b1b8a445075535d26e9', 2, 3000, 'Nam', '0878786769876', 'nhà chứ đâu\r\ngần biển nớ', 0, '2021-07-18', 'Active', 1, '', 'test ghi\r\nchú 8', 'spauril4@gmail.com', '2001-05-01'),
('KH009', 'Test009', 'Usernametest8', '2f3bc18c0d3e6b1b8a445075535d26e9', 2, 3000, 'Nam', '0878786769876', 'gần biển nớ', 0, '2021-07-18', 'Active', 1, '', 'test ghi\r\nchú 9', 'spauril4@gmail.com', '2001-05-01'),
('KH010', 'Test010', 'Usernametest8', '2f3bc18c0d3e6b1b8a445075535d26e9', 2, 3000, 'Nam', '0878786769876', 'gần biển nớ', 0, '2021-07-18', 'Active', 1, '', 'test ghi\r\nchú 10', 'spauril4@gmail.com', '2001-05-01'),
('KH011', 'Test010', 'Usernametest8', '2f3bc18c0d3e6b1b8a445075535d26e9', 2, 3000, 'Nam', '0878786769876', 'gần biển nớ', 0, '2021-07-18', 'Active', 1, '', 'test ghi\r\nchú 10', 'spauril4@gmail.com', '2001-05-01'),
('KH012', 'Test010', 'Usernametest8', '2f3bc18c0d3e6b1b8a445075535d26e9', 2, 3000, 'Nam', '0878786769876', 'gần biển nớ', 0, '2021-07-18', 'Active', 1, '', 'test ghi\r\nchú 10', 'spauril4@gmail.com', '2001-05-01'),
('KH013', 'Test010', 'Usernametest8', '2f3bc18c0d3e6b1b8a445075535d26e9', 2, 3000, 'Nam', '0878786769876', 'gần biển nớ', 0, '2021-07-18', 'Active', 1, '', 'test ghi\r\nchú 10', 'spauril4@gmail.com', '2001-05-01'),
('KH014', 'Test010', 'Usernametest8', '2f3bc18c0d3e6b1b8a445075535d26e9', 2, 3000, 'Nam', '0878786769876', 'gần biển nớ', 0, '2021-07-18', 'Active', 1, '', 'test ghi\r\nchú 10', 'spauril4@gmail.com', '2001-05-01'),
('KH015', 'Test010', 'Usernametest8', '2f3bc18c0d3e6b1b8a445075535d26e9', 2, 3000, 'Nam', '0878786769876', 'gần biển nớ', 0, '2021-07-18', 'Active', 1, '', 'test ghi\r\nchú 10', 'spauril4@gmail.com', '2001-05-01'),
('KH016', 'Test010', 'Usernametest8', '2f3bc18c0d3e6b1b8a445075535d26e9', 2, 3000, 'Nam', '0878786769876', 'gần biển nớ', 0, '2021-07-18', 'Active', 1, '', 'test ghi\r\nchú 10', 'spauril4@gmail.com', '2001-05-01'),
('KH017', 'Test010', 'Usernametest8', '2f3bc18c0d3e6b1b8a445075535d26e9', 2, 3000, 'Nam', '0878786769876', 'gần biển nớ', 0, '2021-07-18', 'Active', 1, '', 'test ghi\r\nchú 10', 'spauril4@gmail.com', '2001-05-01'),
('KH018', 'Test010', 'Usernametest8', 'd41d8cd98f00b204e9800998ecf8427e', 2, 3000, 'Nam', '0878786769876', 'gần biển nớ', 0, '2021-07-21', 'Active', 1, 'user.png', 'test ghi\r\nchú 10', 'spauril4@gmail.com', '2001-05-01'),
('KH019', 'Test010', 'Usernametest8', '2f3bc18c0d3e6b1b8a445075535d26e9', 2, 3000, 'Nam', '0878786769876', 'gần biển nớ', 0, '2021-07-18', 'Active', 1, '', 'test ghi\r\nchú 10', 'spauril4@gmail.com', '2001-05-01'),
('KH020', 'Test010', 'Usernametest8', '2f3bc18c0d3e6b1b8a445075535d26e9', 2, 3000, 'Nam', '0878786769876', 'gần biển nớ', 0, '2021-07-18', 'Active', 1, '', 'test ghi\r\nchú 10', 'spauril4@gmail.com', '2001-05-01'),
('kh023', 'Nguyễn Thị Sang 2', 'sang789', '7e8e9aacec4d9cb5903eba602a12bb85', 0, 0, 'Nữ', '068567599808', 'nhà\r\ngần biển', 0, NULL, 'Active', 2, 'pexels-photo-6231624.jpeg', '', 'sang789@gmail.com', '1997-10-13');

-- --------------------------------------------------------

--
-- Cấu trúc bảng cho bảng `khonguyenlieu`
--

CREATE TABLE `khonguyenlieu` (
  `MaNL` varchar(50) COLLATE utf8mb4_vietnamese_ci NOT NULL,
  `TenNL` varchar(50) COLLATE utf8mb4_vietnamese_ci NOT NULL,
  `ConLai` varchar(50) COLLATE utf8mb4_vietnamese_ci NOT NULL,
  `CacMaNCC` varchar(50) COLLATE utf8mb4_vietnamese_ci NOT NULL
) ENGINE=InnoDB DEFAULT CHARSET=utf8mb4 COLLATE=utf8mb4_vietnamese_ci;

-- --------------------------------------------------------

--
-- Cấu trúc bảng cho bảng `lichsuhoatdong`
--

CREATE TABLE `lichsuhoatdong` (
  `Thoidiem` datetime NOT NULL,
  `Hoatdong` varchar(50) COLLATE utf8mb4_vietnamese_ci NOT NULL,
  `Chitiet` varchar(50) COLLATE utf8mb4_vietnamese_ci NOT NULL
) ENGINE=InnoDB DEFAULT CHARSET=utf8mb4 COLLATE=utf8mb4_vietnamese_ci;

--
-- Đang đổ dữ liệu cho bảng `lichsuhoatdong`
--

INSERT INTO `lichsuhoatdong` (`Thoidiem`, `Hoatdong`, `Chitiet`) VALUES
('2021-05-17 16:37:21', 'Nhập', 'Nhập 4 người vào bàn 6'),
('2021-05-17 18:47:11', 'Nhập', 'Nhập 4 người vào bàn 4'),
('2021-05-17 18:47:35', 'Order', 'Order bàn số 7: cà phê(2), sữa tươi(3)'),
('2021-05-17 18:50:25', 'Chuyển', 'Chuyển bàn 6 sang bàn 8'),
('2021-05-17 18:59:55', 'Hoàn thành', 'Hoàn thành order bàn số 7'),
('2021-05-17 19:02:14', 'Order', 'Order bàn số 7: trà sữa chân trâu(3)'),
('2021-05-17 19:03:15', 'Chuyển', 'Chuyển Bàn 5 sang bàn 6'),
('2021-05-17 19:05:00', 'Xát nhập', 'Xát nhập hóa đơn bàn 5 và bàn 6 '),
('2021-05-17 19:06:57', 'Thanh toán', 'Thanh toán bàn số 7 mã hd:012'),
('2021-05-17 19:08:15', 'Thanh toán', 'Thanh toán bàn số 8 mã hd:1000. số tiền:105.000đ');

-- --------------------------------------------------------

--
-- Cấu trúc bảng cho bảng `loaihanghoa`
--

CREATE TABLE `loaihanghoa` (
  `MaLoai` varchar(50) COLLATE utf8mb4_vietnamese_ci NOT NULL,
  `TenLoai` varchar(50) COLLATE utf8mb4_vietnamese_ci NOT NULL,
  `Mota` text COLLATE utf8mb4_vietnamese_ci NOT NULL
) ENGINE=InnoDB DEFAULT CHARSET=utf8mb4 COLLATE=utf8mb4_vietnamese_ci;

--
-- Đang đổ dữ liệu cho bảng `loaihanghoa`
--

INSERT INTO `loaihanghoa` (`MaLoai`, `TenLoai`, `Mota`) VALUES
('2e5096', 'khjk2', 'thu o ta u'),
('DA', 'Đồ ăn', 'Là thực phẩm, món ăn...'),
('DU', 'Đồ uống', 'thử\r\nmô\r\ntả');

-- --------------------------------------------------------

--
-- Cấu trúc bảng cho bảng `loaisanpham`
--

CREATE TABLE `loaisanpham` (
  `MaLoai` varchar(50) COLLATE utf8mb4_vietnamese_ci NOT NULL,
  `TenLoai` varchar(50) COLLATE utf8mb4_vietnamese_ci NOT NULL
) ENGINE=InnoDB DEFAULT CHARSET=utf8mb4 COLLATE=utf8mb4_vietnamese_ci;

--
-- Đang đổ dữ liệu cho bảng `loaisanpham`
--

INSERT INTO `loaisanpham` (`MaLoai`, `TenLoai`) VALUES
('1', 'Cà phê'),
('2', 'Sữa'),
('3', 'Trà sữa'),
('4', 'Nước ngọt');

-- --------------------------------------------------------

--
-- Cấu trúc bảng cho bảng `luong`
--

CREATE TABLE `luong` (
  `Stt` int(11) NOT NULL,
  `MaNV` varchar(50) COLLATE utf8mb4_vietnamese_ci NOT NULL,
  `Socatruc1thang` varchar(50) COLLATE utf8mb4_vietnamese_ci NOT NULL,
  `luongthang` varchar(50) COLLATE utf8mb4_vietnamese_ci NOT NULL
) ENGINE=InnoDB DEFAULT CHARSET=utf8mb4 COLLATE=utf8mb4_vietnamese_ci;

-- --------------------------------------------------------

--
-- Cấu trúc bảng cho bảng `members`
--

CREATE TABLE `members` (
  `user_id` int(11) UNSIGNED NOT NULL,
  `username` varchar(50) COLLATE utf8_unicode_ci NOT NULL,
  `password` varchar(59) COLLATE utf8_unicode_ci NOT NULL,
  `email` varchar(250) COLLATE utf8_unicode_ci NOT NULL,
  `phone` varchar(250) COLLATE utf8_unicode_ci NOT NULL,
  `fullname` varchar(50) COLLATE utf8_unicode_ci NOT NULL,
  `birthday` varchar(10) COLLATE utf8_unicode_ci NOT NULL,
  `sex` varchar(5) COLLATE utf8_unicode_ci NOT NULL,
  `level` tinyint(4) DEFAULT NULL COMMENT '1: admin, 0: member, 2:manager, 3:audit proprofession'
) ENGINE=InnoDB DEFAULT CHARSET=utf8 COLLATE=utf8_unicode_ci;

--
-- Đang đổ dữ liệu cho bảng `members`
--

INSERT INTO `members` (`user_id`, `username`, `password`, `email`, `phone`, `fullname`, `birthday`, `sex`, `level`) VALUES
(11, 'admin', '202cb962ac59075b964b07152d234b70', 'thehalfheart@gmail.com', '', '', '', '', 1),
(12, 'huyquantri', 'b8dc042d8cf7deefb0ec6a264c930b02', 'spaurl4@gmail.com', '', 'Ngô Minh Huy', '2001-01-05', 'Nam', 1),
(13, 'donatram', '4022be356ea2fce7806392244a7512c2', 'donatram@gmail.com', '', 'Tram', '2019-10-10', 'Nu', 2),
(14, 'donatram2', '4022be356ea2fce7806392244a7512c2', 'donatram2@gmail.com', '', 'Tram2', '2021-05-06', 'Nu', 3),
(15, 'nguyendepzai', 'huy123', 'nguyen@gmail.com', '', 'Nguyễă văn', '2014-07-19', 'Nam', 0);

-- --------------------------------------------------------

--
-- Cấu trúc bảng cho bảng `nhacungcap`
--

CREATE TABLE `nhacungcap` (
  `MaNCC` varchar(50) COLLATE utf8mb4_vietnamese_ci NOT NULL,
  `TenNCC` varchar(50) COLLATE utf8mb4_vietnamese_ci NOT NULL,
  `Diachi` varchar(50) COLLATE utf8mb4_vietnamese_ci NOT NULL,
  `SDT` varchar(50) COLLATE utf8mb4_vietnamese_ci NOT NULL,
  `CacNL` varchar(50) COLLATE utf8mb4_vietnamese_ci NOT NULL
) ENGINE=InnoDB DEFAULT CHARSET=utf8mb4 COLLATE=utf8mb4_vietnamese_ci;

-- --------------------------------------------------------

--
-- Cấu trúc bảng cho bảng `nhanvien`
--

CREATE TABLE `nhanvien` (
  `MaNV` varchar(50) COLLATE utf8mb4_vietnamese_ci NOT NULL,
  `TenNV` varchar(50) COLLATE utf8mb4_vietnamese_ci NOT NULL,
  `Username` char(50) COLLATE utf8mb4_vietnamese_ci NOT NULL,
  `Gioitinh` varchar(5) COLLATE utf8mb4_vietnamese_ci NOT NULL,
  `SDT` varchar(50) COLLATE utf8mb4_vietnamese_ci NOT NULL,
  `CCCD` varchar(50) COLLATE utf8mb4_vietnamese_ci NOT NULL,
  `Diachi` varchar(50) COLLATE utf8mb4_vietnamese_ci NOT NULL,
  `Chucvu` varchar(50) COLLATE utf8mb4_vietnamese_ci NOT NULL,
  `Namvao` date DEFAULT NULL,
  `STT` int(11) NOT NULL,
  `Birthday` date DEFAULT NULL,
  `Email` varchar(50) COLLATE utf8mb4_vietnamese_ci NOT NULL,
  `Trangthai` varchar(50) COLLATE utf8mb4_vietnamese_ci NOT NULL,
  `Avatar` varchar(50) COLLATE utf8mb4_vietnamese_ci NOT NULL,
  `Level` int(11) NOT NULL
) ENGINE=InnoDB DEFAULT CHARSET=utf8mb4 COLLATE=utf8mb4_vietnamese_ci;

--
-- Đang đổ dữ liệu cho bảng `nhanvien`
--

INSERT INTO `nhanvien` (`MaNV`, `TenNV`, `Username`, `Gioitinh`, `SDT`, `CCCD`, `Diachi`, `Chucvu`, `Namvao`, `STT`, `Birthday`, `Email`, `Trangthai`, `Avatar`, `Level`) VALUES
('001', 'huy3', 'huyquantri', 'Nam', '0795670932', '09809809', 'nhà', 'Quản lý', NULL, 0, '2001-01-05', 'spauril4@gmail.com', 'Active', '001.jpg', 0),
('002', 'Phan Nguyễn Triều', 'trieuphan', 'Nữ', '0885735243', 'chưa phát', '14 Núi Phú Sĩ, Châu Phi', 'Nhân viên order', '2021-05-13', 2, '2001-03-19', 'trieu@gmail.com', 'Active', '002.jpg', 0),
('003', 'Nguyễn Văn Phong', 'ronnguyen', 'Nam', '0453452424', '6445345345', '34 Nguyễn Văn Sơn, Cẩm Lệ, Đà Nẵng,asdasdasdasdasd', 'Nhân viên order', '2021-05-01', 3, '1999-06-09', 'ron@gmail.com', 'Deactive', '003.jpg', 0),
('004', 'Nguyễn Văn Toàn', 'toankkk', 'Nam', '06523235462', 'chưa phát', '35 Hoàng Hoa Thám, Đà Nẵng', 'Nhân viên Pha Chế 34234  423423 432', '2021-05-03', 4, '2001-04-16', 'toankk@gmail.com', 'Active', '004.jpg', 0),
('008', 'thu8', 'dgd', 'bê đê', '988978', '6756756', 'nhà', 'Quản lý', NULL, 0, '0000-00-00', 'gfg@gmail.com', 'Active', '', 0),
('009', 'thu9', '', '', '', '', '', 'Kế toán', '2019-07-17', 0, '0000-00-00', '', 'Active', '', 0),
('011', 'thu11', 'da', 'dữ ed', '3123', '123', 'vf', 'Kế toán', '2021-07-17', 0, '2016-06-17', 'huy@gmail.com', 'Active', 'bangchung1.png', 0),
('013', 'thu13', '', '', '', '', '', '', '2021-07-18', 0, NULL, '', 'Active', '', 0),
('014', 'thu14', '', '', '', '', '', '', '2021-07-18', 0, NULL, '', 'Active', '', 0),
('015', 'thu15', '', '', '', '', '', '', '2021-07-18', 0, NULL, '', 'Active', '', 0),
('016', 'thu16', '', '', '', '', '', '', '2021-07-18', 0, NULL, '', 'Active', '', 0),
('017', 'thu17', '', '', '', '', '', '', '2021-07-18', 0, NULL, '', 'Active', '', 0),
('018', 'thu18', '', '', '', '', '', '', '2021-07-18', 0, NULL, '', 'Active', '', 0),
('019', 'thu19', '', '', '', '', '', '', '2021-07-18', 0, NULL, '', 'Active', '', 0),
('025', 'huy trần 3', 'sieunhanhong3', 'Nữ', '856756', '3242342344', 'Gần đảo\r\nphú quốc', 'Quản lý', '2021-10-03', 0, '2001-10-16', 'sieunhanhong3@gmail.com', 'Active', 'sieunhanhong2.jpg', 0),
('095', 'Ngô Văn Toàn', 'toan3k', 'Nam', 'ghghgh', '77578778', 'nhà\r\ngần cầu chữ y', 'Nhân viên Pha Chế', '2021-08-21', 0, '2021-08-21', 'toan3k@gmail.com', 'Active', 'ban1.jpeg', 0),
('56f15', 'sad', '', '', '', '', '', 'Kế toán', '2021-07-18', 0, NULL, '', 'Active', '', 0),
('d', 's', 'd', 'nam', '07868', '64654', '', 'Quản lý', '2021-08-21', 0, NULL, '', 'Active', '', 0),
('faf35', 'h', '', '', '', '', 'f', 'Quản lý', '0000-00-00', 0, '0000-00-00', '', 'Active', 'Untitle.png', 0),
('gfd', 'g', 'd', 'f', '4535', '5345', 'nhà', 'Kế toán', '0000-00-00', 0, '0000-00-00', 'huy@gmail.com', 'Active', '', 0),
('h', 'Trâm', 'donatram', '', '4353453454', '345345345', '', 'Quản lý', NULL, 0, NULL, 'donatram@gmail.com', 'Active', '', 0),
('sad', 'Trâm 2', 'donatram2', 'Nữ', '2353535', '23423423432', 'gần cầu  chữ u', 'Quản lý', NULL, 0, NULL, 'tram2@gmail.com', 'Active', '', 0);

-- --------------------------------------------------------

--
-- Cấu trúc bảng cho bảng `nhommon`
--

CREATE TABLE `nhommon` (
  `MaNhomMon` varchar(50) COLLATE utf8mb4_vietnamese_ci NOT NULL,
  `TenNhomMon` varchar(50) COLLATE utf8mb4_vietnamese_ci NOT NULL,
  `Hinhanh` varchar(50) COLLATE utf8mb4_vietnamese_ci NOT NULL,
  `Trangthai` varchar(50) COLLATE utf8mb4_vietnamese_ci NOT NULL
) ENGINE=InnoDB DEFAULT CHARSET=utf8mb4 COLLATE=utf8mb4_vietnamese_ci;

--
-- Đang đổ dữ liệu cho bảng `nhommon`
--

INSERT INTO `nhommon` (`MaNhomMon`, `TenNhomMon`, `Hinhanh`, `Trangthai`) VALUES
('Cf', 'Cafe', 'Cafe.jpg', 'Active'),
('dfa7684d', 'ử222', 'ass.jpg', 'Deactive'),
('jhh', 'gg', '', 'Active'),
('Milk', 'Sữa', '', 'Active'),
('Milk-Tea', 'Trà Sữa', 'Trasua.jpg', 'Active'),
('SD', 'Soda', '', 'Active');

-- --------------------------------------------------------

--
-- Cấu trúc bảng cho bảng `sanpham`
--

CREATE TABLE `sanpham` (
  `MaSP` varchar(50) COLLATE utf8mb4_vietnamese_ci NOT NULL,
  `TenSP` varchar(50) COLLATE utf8mb4_vietnamese_ci NOT NULL,
  `Hinhanh` varchar(50) COLLATE utf8mb4_vietnamese_ci NOT NULL,
  `GiaSP` int(11) NOT NULL,
  `DVT` varchar(50) COLLATE utf8mb4_vietnamese_ci NOT NULL,
  `LoaiSP` varchar(50) COLLATE utf8mb4_vietnamese_ci NOT NULL,
  `NhomMon` varchar(50) COLLATE utf8mb4_vietnamese_ci NOT NULL,
  `Trangthai` varchar(50) COLLATE utf8mb4_vietnamese_ci NOT NULL,
  `Giavon` int(11) NOT NULL,
  `Mota` text COLLATE utf8mb4_vietnamese_ci NOT NULL,
  `SLquydoi` float NOT NULL
) ENGINE=InnoDB DEFAULT CHARSET=utf8mb4 COLLATE=utf8mb4_vietnamese_ci;

--
-- Đang đổ dữ liệu cho bảng `sanpham`
--

INSERT INTO `sanpham` (`MaSP`, `TenSP`, `Hinhanh`, `GiaSP`, `DVT`, `LoaiSP`, `NhomMon`, `Trangthai`, `Giavon`, `Mota`, `SLquydoi`) VALUES
('001', 'Cà phê đen 2', 'capheden.jpg', 10000, 'Ly', '', 'Cafe', 'Active', 6000, 'Tốt cho sức khỏe chống lão hóa    ccx', 1),
('0019', 'chịu á2', '', 20000, 'Kg', '', '', 'Active', 12, 'hgggh', 1),
('003', 'Trà sữa chân trâu', 'trasuachantrau_sizeM.jpg', 20000, 'Ly', 'Đồ uống', 'Trà Sữa', 'Active', 0, 'Siêu ngon uống là nghiền, Trân châu nhà làm siêu sạch', 1),
('004', 'Bạc xỉu', 'bacxiu.jpg', 35000, 'Ly', 'Món chính', 'Sữa', 'Active', 0, 'Kết tinh mọi tinh hoa của 28 nước trên thế giới', 1),
('005', 'Caramel Machiato', 'Caramel Macchiato.jpg', 30000, 'Ly', 'Đồ uống', 'Sữa', 'Active', 22000, 'siêu ngon ', 1),
('009', 'Cà phê nóng (Espresso)', 'ca phe espresso.png', 15000, 'Ly', 'Đồ uống', 'Cafe', 'Active', 10000, 'Siêu ngon ngọt', 1),
('012', 'teest1', 'ass.jpg', 10000, 'Ly', '', 'Sữa', 'Active', 12000, 'ko mô tả gì\r\nhahe', 0),
('013', 'thử13', '', 5000, 'Ly', 'Đồ ăn', 'Trà Sữa', 'Active', 6000, 'không gì\r\nmô tả', 2),
('016', 'thử test trang', '', 20000, 'Chai', '', 'Sữa', 'Active', 2000, ' bn\r\nbhj', 0),
('017', 'thử test trang 2', '', 20000, 'Chai', 'Món chính', 'Sữa', 'Active', 2000, '', 3),
('018', 'thử test trang 3', '', 150000, 'Chai', 'Món chính', 'Sữa', 'Active', 20000, 'no thing', 10),
('020', 'bánh trung thu', '', 20000, 'Cái', 'Món chính', 'Cafe', 'Active', 13000, 'gg', 33),
('024', 'thử 24', 'user.png', 30000, '', 'Combo', '', 'Active', 25000, 'dsdsd \r\nsdsf    ', 1),
('029', 'dsfs', '', 242334, 'Đôi', 'Đồ uống', 'Cafe', 'Active', 234232, 'gh', 1),
('034', 'dsass34', '', 242334, 'Đôi', 'Đồ uống', 'Cafe', 'Active', 230000, ' vg', 1),
('035', 'dsass35', '', 242334, 'Đôi', 'Đồ uống', 'Cafe', 'Active', 230000, ' vgc', 1),
('038', 'test thử 19', '', 20000, 'Đôi', 'Đồ uống', 'Sữa', 'Active', 15000, 'dfdg', 2),
('0ccc95c52', 'ư', '', 0, '', 'Món chính', '', 'Active', 0, '', 1),
('1', 'fhtr', '', 0, 'Ly', '', 'Sữa', 'Active', 0, 'rty', 1),
('17cff39e', 'cà phê đen', '97.png', 20000, 'Ly', 'Đồ uống', 'Sữa', 'Active', 15000, 'thử \r\ntsst têm', 1),
('245435', 'ssadđádd mnv mnvbbsfkdjdfkjdfkjhkfjddbfjkddf jdvhb', '', 20000, '', 'Combo', '', 'Active', 16000, 'bfgf   ', 1),
('26ecbb34db60', 'test 33334', '', 0, '', '', '', 'Active', 0, '', 1),
('3', 'thử thôi 3', '', 2147483647, '', '', '', 'Active', 2147483647, '', 1),
('65f', 'hg', '', 0, '', 'Đồ ăn', 'Cafe', 'Active', 0, 'gh', 1),
('6e644', 'fhtr2', '', 0, 'Ly', 'Đồ uống', 'Sữa', 'Active', 0, 'rty', 3),
('cdfsfsf', 'dfs', '', 20000, '', 'Combo', '', 'Active', 150000, 'gd', 1),
('e011582c3', 'c', '', 0, 'Ly', 'Món chính', 'Cafe', 'Active', 0, '', 1);

--
-- Chỉ mục cho các bảng đã đổ
--

--
-- Chỉ mục cho bảng `ban`
--
ALTER TABLE `ban`
  ADD PRIMARY KEY (`MaBan`);

--
-- Chỉ mục cho bảng `chitiethoadon`
--
ALTER TABLE `chitiethoadon`
  ADD PRIMARY KEY (`chitiethoadon_id`);

--
-- Chỉ mục cho bảng `chucvu`
--
ALTER TABLE `chucvu`
  ADD PRIMARY KEY (`MaChucVu`);

--
-- Chỉ mục cho bảng `dvt`
--
ALTER TABLE `dvt`
  ADD PRIMARY KEY (`MaDVT`);

--
-- Chỉ mục cho bảng `hoadon`
--
ALTER TABLE `hoadon`
  ADD PRIMARY KEY (`hoadon_id`),
  ADD KEY `MaBan` (`MaBan`);

--
-- Chỉ mục cho bảng `khachhang`
--
ALTER TABLE `khachhang`
  ADD PRIMARY KEY (`MaKH`);

--
-- Chỉ mục cho bảng `lichsuhoatdong`
--
ALTER TABLE `lichsuhoatdong`
  ADD PRIMARY KEY (`Thoidiem`);

--
-- Chỉ mục cho bảng `loaihanghoa`
--
ALTER TABLE `loaihanghoa`
  ADD PRIMARY KEY (`MaLoai`);

--
-- Chỉ mục cho bảng `luong`
--
ALTER TABLE `luong`
  ADD KEY `MaNV` (`MaNV`);

--
-- Chỉ mục cho bảng `members`
--
ALTER TABLE `members`
  ADD PRIMARY KEY (`user_id`);

--
-- Chỉ mục cho bảng `nhacungcap`
--
ALTER TABLE `nhacungcap`
  ADD PRIMARY KEY (`MaNCC`);

--
-- Chỉ mục cho bảng `nhanvien`
--
ALTER TABLE `nhanvien`
  ADD PRIMARY KEY (`MaNV`);

--
-- Chỉ mục cho bảng `nhommon`
--
ALTER TABLE `nhommon`
  ADD PRIMARY KEY (`MaNhomMon`);

--
-- Chỉ mục cho bảng `sanpham`
--
ALTER TABLE `sanpham`
  ADD PRIMARY KEY (`MaSP`);

--
-- AUTO_INCREMENT cho các bảng đã đổ
--

--
-- AUTO_INCREMENT cho bảng `chitiethoadon`
--
ALTER TABLE `chitiethoadon`
  MODIFY `chitiethoadon_id` int(11) NOT NULL AUTO_INCREMENT, AUTO_INCREMENT=682;

--
-- AUTO_INCREMENT cho bảng `hoadon`
--
ALTER TABLE `hoadon`
  MODIFY `hoadon_id` int(11) NOT NULL AUTO_INCREMENT, AUTO_INCREMENT=196;

--
-- AUTO_INCREMENT cho bảng `members`
--
ALTER TABLE `members`
  MODIFY `user_id` int(11) UNSIGNED NOT NULL AUTO_INCREMENT, AUTO_INCREMENT=21;
COMMIT;

/*!40101 SET CHARACTER_SET_CLIENT=@OLD_CHARACTER_SET_CLIENT */;
/*!40101 SET CHARACTER_SET_RESULTS=@OLD_CHARACTER_SET_RESULTS */;
/*!40101 SET COLLATION_CONNECTION=@OLD_COLLATION_CONNECTION */;
